age,gender,marital_status,dependents,monthly_income,monthly_expenses,current_savings,existing_investments,retirement_age,desired_monthly_retirement_income,risk_tolerance,expected_inflation_rate,expected_roi,required_corpus,risk_profile
50,Female,Married,0,149300.0,81700.0,8833400.0,11783400.0,60,129200.0,Low,0.0586,0.0659,59935000.0,Conservative
36,Female,Married,1,109100.0,67100.0,3860100.0,8555400.0,65,93000.0,Medium,0.0556,0.1046,66539000.0,Aggressive
29,Female,Single,0,71900.0,47900.0,2318200.0,1560800.0,55,63500.0,Medium,0.0693,0.0901,95184000.0,Moderate
42,Female,Single,0,165800.0,98000.0,5017800.0,9854900.0,58,126200.0,Low,0.0674,0.065,102497000.0,Conservative
40,Female,Married,3,108800.0,67400.0,2271800.0,2123700.0,60,65500.0,Medium,0.059,0.0915,44166000.0,Moderate
44,Female,Married,3,44600.0,32400.0,2482200.0,5671400.0,58,26900.0,Low,0.058,0.064,16699000.0,Moderate
32,Male,Married,1,39200.0,19800.0,711700.0,1845000.0,60,29900.0,Low,0.05,0.0701,28065000.0,Conservative
32,Female,Married,2,119500.0,62800.0,1239000.0,9969000.0,58,87300.0,Medium,0.0516,0.1004,60357000.0,Aggressive
45,Male,Married,2,92800.0,60400.0,894100.0,11316900.0,60,68200.0,Medium,0.0656,0.0919,38868000.0,Aggressive
57,Male,Single,0,81000.0,49700.0,5622500.0,14518600.0,62,58300.0,Medium,0.0629,0.0881,16330000.0,Aggressive
45,Male,Married,0,44000.0,20300.0,1644700.0,2680700.0,60,38500.0,Medium,0.0609,0.0965,18900000.0,Moderate
24,Male,Single,0,105300.0,56000.0,2090300.0,1128800.0,65,74500.0,Medium,0.0707,0.0947,234903000.0,Moderate
43,Female,Married,1,46500.0,26200.0,1705300.0,7044500.0,60,39800.0,Medium,0.0626,0.1,22710000.0,Aggressive
23,Male,Married,2,68800.0,37600.0,672600.0,1292100.0,58,59900.0,High,0.0596,0.1177,69940000.0,Aggressive
45,Female,Single,0,174200.0,80500.0,7112300.0,24404000.0,58,130600.0,Medium,0.054,0.0937,50659000.0,Aggressive
51,Female,Single,0,49200.0,35600.0,3287800.0,1220300.0,58,36100.0,Medium,0.0705,0.0943,14304000.0,Moderate
59,Male,Single,0,28500.0,19000.0,1334600.0,2686100.0,62,23600.0,Low,0.0644,0.0704,7356000.0,Conservative
23,Female,Married,3,38900.0,22100.0,677600.0,752400.0,55,31600.0,Medium,0.0523,0.093,34826000.0,Moderate
42,Male,Single,0,132800.0,84700.0,10083400.0,3778800.0,58,92800.0,Medium,0.0662,0.0922,61400000.0,Moderate
54,Male,Married,3,85200.0,60800.0,7503400.0,10552200.0,65,53700.0,Medium,0.0606,0.0857,19356000.0,Aggressive
33,Female,Single,0,67700.0,30300.0,3755300.0,3550000.0,60,46000.0,Medium,0.0703,0.0922,66485000.0,Moderate
43,Female,Married,3,53900.0,26300.0,2269000.0,1134500.0,58,34500.0,Low,0.073,0.0736,32098000.0,Conservative
46,Male,Married,1,97900.0,57800.0,5075700.0,5398500.0,58,67400.0,Low,0.065,0.0743,43199000.0,Conservative
48,Female,Married,0,43900.0,29800.0,3105500.0,2872900.0,62,29800.0,Low,0.0683,0.0676,19835000.0,Conservative
49,Female,Married,0,87900.0,36300.0,6000800.0,3468000.0,62,69600.0,Medium,0.0514,0.1015,22161000.0,Moderate
37,Female,Single,0,47200.0,35100.0,2970700.0,4048800.0,58,41800.0,High,0.064,0.1199,26755000.0,Aggressive
36,Male,Single,0,42700.0,23900.0,2150700.0,1733400.0,60,34400.0,Low,0.0689,0.0633,49065000.0,Conservative
24,Male,Married,3,49900.0,26200.0,1267900.0,688800.0,62,43800.0,Medium,0.0624,0.0867,94185000.0,Moderate
58,Female,Married,1,58400.0,29300.0,2654700.0,11412800.0,60,48800.0,Low,0.0648,0.0761,14194000.0,Moderate
28,Female,Married,0,71000.0,32700.0,2665700.0,2762100.0,62,58100.0,Low,0.0725,0.0681,171840000.0,Conservative
42,Female,Single,0,84200.0,57000.0,4956300.0,5907300.0,60,61000.0,High,0.055,0.1139,25682000.0,Aggressive
30,Female,Single,1,25000.0,18400.0,923600.0,1647500.0,65,17400.0,Medium,0.0525,0.0837,19775000.0,Aggressive
39,Female,Single,0,45000.0,24500.0,1338400.0,5668000.0,58,38400.0,Low,0.0673,0.068,40225000.0,Moderate
25,Male,Married,2,57800.0,42400.0,1458600.0,396800.0,58,50400.0,Low,0.0706,0.072,143575000.0,Conservative
46,Female,Single,0,180400.0,124200.0,14499200.0,15618800.0,60,132700.0,High,0.0713,0.1165,66341000.0,Aggressive
35,Male,Married,2,38300.0,21800.0,759100.0,2933500.0,60,23100.0,Low,0.066,0.0647,32442000.0,Moderate
30,Female,Single,0,80600.0,51300.0,2737500.0,2809000.0,62,67500.0,Medium,0.0708,0.0923,132898000.0,Moderate
47,Male,Married,0,179300.0,99000.0,7417800.0,24729900.0,55,122900.0,Medium,0.0675,0.1012,46058000.0,Aggressive
23,Female,Single,0,33300.0,19800.0,593800.0,811600.0,62,20100.0,Medium,0.0522,0.088,28201000.0,Moderate
41,Male,Married,2,92600.0,38900.0,3899600.0,12871400.0,58,77900.0,Medium,0.0691,0.0918,58402000.0,Aggressive
49,Female,Married,1,45200.0,29100.0,1327700.0,2890500.0,60,34100.0,High,0.0545,0.1261,8597000.0,Aggressive
28,Male,Single,0,54000.0,22600.0,1072700.0,1262600.0,55,43500.0,Low,0.0559,0.0725,53155000.0,Conservative
29,Male,Married,2,45200.0,31000.0,1490200.0,3496100.0,60,39500.0,Medium,0.0599,0.0959,48528000.0,Aggressive
56,Male,Married,1,47100.0,32400.0,883600.0,5115000.0,60,35900.0,Low,0.0579,0.0668,11561000.0,Conservative
35,Male,Married,2,374400.0,180800.0,15736900.0,13228700.0,58,281200.0,Medium,0.058,0.0952,211983000.0,Moderate
38,Male,Married,1,121400.0,62300.0,8206400.0,11888500.0,58,83400.0,High,0.0542,0.1173,39201000.0,Aggressive
57,Male,Single,1,141600.0,80500.0,13073200.0,11065900.0,60,97900.0,Medium,0.0573,0.0907,22882000.0,Moderate
25,Female,Married,1,98200.0,59800.0,524300.0,1685700.0,62,82400.0,Medium,0.0505,0.0896,93930000.0,Moderate
23,Male,Single,0,27900.0,14000.0,499200.0,623400.0,58,20500.0,High,0.0618,0.1239,26424000.0,Aggressive
27,Female,Single,0,92700.0,56300.0,2731900.0,1600800.0,58,60200.0,Low,0.0692,0.0697,143175000.0,Conservative
25,Female,Married,2,139200.0,70200.0,1108200.0,1188500.0,58,87500.0,Medium,0.0716,0.0966,214177000.0,Moderate
50,Female,Single,0,43800.0,18400.0,509600.0,2885600.0,65,32500.0,High,0.0705,0.1208,13177000.0,Aggressive
39,Female,Married,2,130500.0,52300.0,2550700.0,11680800.0,58,96500.0,Medium,0.0604,0.0972,62630000.0,Aggressive
47,Female,Married,2,111600.0,48600.0,8599200.0,4394500.0,55,88800.0,Low,0.0683,0.0687,49510000.0,Conservative
55,Male,Married,3,222200.0,150500.0,2994800.0,24218600.0,60,164700.0,Low,0.0572,0.0676,56690000.0,Moderate
31,Male,Married,2,56900.0,41900.0,978200.0,3572800.0,60,36600.0,Low,0.0514,0.0659,38162000.0,Moderate
57,Male,Single,0,37900.0,20800.0,3165300.0,6934000.0,58,28500.0,Low,0.0669,0.0629,9402000.0,Moderate
35,Female,Single,0,58900.0,34100.0,2416300.0,2211400.0,65,51400.0,Medium,0.0662,0.0894,67511000.0,Moderate
52,Male,Married,0,173100.0,78100.0,13770100.0,27951700.0,60,112100.0,Low,0.07,0.0682,53690000.0,Moderate
36,Male,Single,1,25000.0,14800.0,1303800.0,994800.0,60,20200.0,Low,0.0654,0.062,26083000.0,Conservative
29,Male,Single,0,25000.0,11300.0,185800.0,1437400.0,58,19500.0,Medium,0.0539,0.0881,19017000.0,Aggressive
35,Male,Married,2,77200.0,47400.0,4531600.0,4487600.0,62,63700.0,Medium,0.0713,0.1002,78377000.0,Moderate
44,Male,Married,3,56100.0,40800.0,1482100.0,1979700.0,58,36200.0,Medium,0.0657,0.0961,19443000.0,Moderate
42,Female,Married,0,73500.0,34400.0,3567800.0,8299800.0,58,64900.0,Medium,0.0702,0.0927,48373000.0,Aggressive
37,Male,Single,1,129000.0,86100.0,6149600.0,5103000.0,58,101400.0,Low,0.0694,0.0814,110103000.0,Conservative
39,Female,Married,2,52500.0,21400.0,1017000.0,1978700.0,60,44800.0,Low,0.0574,0.0618,39401000.0,Conservative
45,Female,Single,0,25000.0,13300.0,2112500.0,1785400.0,60,16800.0,Low,0.0519,0.0749,8115000.0,Conservative
47,Female,Single,0,249400.0,109400.0,12233700.0,29889600.0,60,205000.0,Medium,0.0544,0.0944,76498000.0,Aggressive
46,Female,Married,3,40200.0,21000.0,575500.0,2205000.0,58,33500.0,Low,0.0523,0.0739,15236000.0,Conservative
50,Female,Married,3,38700.0,17800.0,3480500.0,2011900.0,60,27800.0,Medium,0.0561,0.0955,8947000.0,Moderate
36,Male,Married,3,141800.0,75200.0,6038000.0,2223700.0,60,101400.0,Low,0.0615,0.0606,118077000.0,Conservative
22,Male,Single,0,58100.0,31700.0,766200.0,777200.0,58,46300.0,High,0.0727,0.1205,107630000.0,Aggressive
46,Male,Married,0,70400.0,35600.0,3587800.0,5890800.0,62,44200.0,Medium,0.0718,0.0967,28971000.0,Moderate
28,Female,Married,3,97700.0,61500.0,3674900.0,2331700.0,58,80200.0,Medium,0.068,0.084,158290000.0,Moderate
30,Male,Married,2,140100.0,101100.0,1002600.0,2039400.0,60,85900.0,High,0.0506,0.1297,49992000.0,Aggressive
45,Male,Married,1,59900.0,32400.0,1808100.0,4891100.0,55,39400.0,Medium,0.0585,0.0966,16044000.0,Moderate
22,Female,Married,2,182000.0,85100.0,1731600.0,3702000.0,60,145500.0,Medium,0.0671,0.0984,358842000.0,Moderate
29,Female,Married,0,25000.0,12400.0,213400.0,1505500.0,65,15700.0,High,0.0532,0.1142,14576000.0,Aggressive
45,Female,Married,1,115400.0,80700.0,7357700.0,16612300.0,65,102900.0,Medium,0.07,0.0985,77692000.0,Aggressive
32,Female,Married,3,44200.0,26500.0,1159900.0,565000.0,58,38000.0,High,0.0729,0.1254,42182000.0,Aggressive
38,Male,Married,2,166600.0,93200.0,4240100.0,21333400.0,60,131300.0,Medium,0.0589,0.0963,87291000.0,Aggressive
29,Female,Married,2,79600.0,36000.0,432600.0,2689200.0,55,67300.0,High,0.0676,0.12,69061000.0,Aggressive
56,Female,Married,3,48800.0,27200.0,3846300.0,10036000.0,62,42300.0,Low,0.0537,0.0655,13758000.0,Aggressive
56,Male,Married,2,108800.0,54100.0,9732400.0,7724500.0,60,73700.0,Low,0.0673,0.0689,26682000.0,Conservative
54,Male,Single,0,125000.0,91300.0,5883600.0,13373800.0,58,106900.0,Medium,0.0505,0.0924,27067000.0,Aggressive
26,Female,Married,3,107500.0,76300.0,2370900.0,2663900.0,58,70800.0,Low,0.0538,0.0729,92742000.0,Conservative
49,Male,Married,2,39400.0,16900.0,1155300.0,3081900.0,65,28500.0,Low,0.0677,0.0658,18702000.0,Conservative
28,Female,Married,3,54700.0,31800.0,1601800.0,3450900.0,60,42000.0,Medium,0.0678,0.0978,71201000.0,Aggressive
30,Female,Single,0,73000.0,35000.0,453000.0,4936900.0,58,59400.0,Medium,0.066,0.0908,84154000.0,Aggressive
29,Male,Married,3,71300.0,38800.0,1852100.0,5689600.0,58,43400.0,High,0.0619,0.1187,42958000.0,Aggressive
33,Male,Single,0,114700.0,81100.0,4681900.0,7976500.0,58,78800.0,Medium,0.0669,0.0981,89045000.0,Aggressive
55,Female,Married,0,25000.0,14600.0,2397100.0,2687500.0,60,19600.0,High,0.0693,0.1165,4890000.0,Aggressive
54,Female,Married,3,89400.0,46200.0,4097000.0,3562900.0,65,63200.0,Medium,0.0742,0.0983,26095000.0,Moderate
44,Female,Married,3,61500.0,29100.0,4108600.0,9793800.0,62,51200.0,Low,0.0722,0.0728,47163000.0,Moderate
45,Male,Married,2,44200.0,30100.0,2451100.0,4389400.0,60,35200.0,Low,0.0699,0.0686,28669000.0,Moderate
58,Female,Married,0,46800.0,28900.0,4726500.0,7397600.0,62,31400.0,Medium,0.0674,0.1008,7718000.0,Aggressive
56,Female,Married,0,64300.0,36300.0,3139700.0,6373900.0,60,41400.0,Medium,0.0644,0.0954,11850000.0,Moderate
43,Female,Single,0,25000.0,11900.0,814000.0,2337800.0,58,19700.0,Low,0.053,0.0755,10820000.0,Moderate
48,Female,Married,1,48000.0,24800.0,3963600.0,8047200.0,65,35300.0,Medium,0.0541,0.104,13785000.0,Aggressive
56,Female,Married,2,43200.0,31800.0,702300.0,2387400.0,58,28100.0,Medium,0.0705,0.0938,7901000.0,Moderate
22,Male,Married,0,100700.0,58600.0,421100.0,949800.0,58,70300.0,Medium,0.0701,0.0982,191660000.0,Moderate
56,Female,Married,0,45100.0,24400.0,872700.0,2374200.0,65,31200.0,High,0.0654,0.1168,8116000.0,Aggressive
58,Female,Married,1,64300.0,37500.0,5975900.0,11278100.0,58,40700.0,Medium,0.061,0.0898,9623000.0,Aggressive
35,Female,Single,0,184500.0,124100.0,1443300.0,3752700.0,60,141000.0,Medium,0.0507,0.094,91750000.0,Moderate
24,Female,Married,2,132800.0,68900.0,2964800.0,965400.0,65,110100.0,High,0.0582,0.1132,165982000.0,Aggressive
22,Male,Married,0,125700.0,58100.0,1159000.0,1202600.0,60,97100.0,Low,0.0605,0.0653,253618000.0,Conservative
26,Male,Married,3,54200.0,32800.0,223800.0,1782100.0,55,46000.0,Medium,0.0621,0.098,54830000.0,Moderate
47,Male,Married,1,101300.0,64100.0,4267900.0,8342700.0,58,64700.0,High,0.0732,0.1174,26868000.0,Aggressive
35,Female,Single,0,63600.0,41300.0,1144000.0,1181300.0,58,46500.0,Medium,0.0527,0.0986,27551000.0,Moderate
48,Female,Single,1,65000.0,46100.0,3974100.0,11047900.0,60,50900.0,High,0.063,0.1215,17292000.0,Aggressive
30,Male,Married,0,93500.0,49500.0,3403500.0,7802100.0,60,75100.0,Medium,0.0592,0.1043,76524000.0,Aggressive
36,Male,Married,1,51100.0,21800.0,1873800.0,2276800.0,60,41300.0,Medium,0.0748,0.0976,52763000.0,Moderate
36,Male,Single,0,179100.0,131700.0,1774700.0,16659400.0,60,146600.0,Low,0.0715,0.0756,233765000.0,Moderate
47,Female,Married,3,66400.0,36700.0,4149400.0,7204800.0,60,52800.0,High,0.061,0.122,18457000.0,Aggressive
34,Female,Married,1,106000.0,65500.0,5681500.0,3871900.0,60,66600.0,High,0.075,0.1216,81543000.0,Aggressive
53,Male,Married,2,175100.0,110900.0,13185900.0,12050200.0,62,141600.0,High,0.0629,0.1258,38837000.0,Aggressive
53,Male,Married,0,135800.0,80300.0,11552700.0,14715200.0,58,111000.0,Medium,0.0542,0.0983,28392000.0,Aggressive
25,Male,Single,0,31400.0,14800.0,283300.0,742000.0,62,28200.0,Low,0.0639,0.0711,69468000.0,Conservative
51,Female,Single,0,95500.0,63400.0,8342800.0,6774800.0,60,77200.0,Low,0.0557,0.071,30580000.0,Conservative
58,Female,Married,3,121800.0,83000.0,5228900.0,21715300.0,58,98200.0,High,0.0659,0.1227,18286000.0,Aggressive
44,Female,Married,2,124900.0,74100.0,1297300.0,10846900.0,58,94200.0,Medium,0.0734,0.0916,61549000.0,Aggressive
36,Male,Married,2,37500.0,21400.0,2174000.0,3180000.0,58,32300.0,Low,0.0697,0.0664,42864000.0,Moderate
50,Male,Married,2,49300.0,21700.0,4452800.0,2607900.0,60,44300.0,Medium,0.0568,0.1021,13094000.0,Moderate
57,Female,Married,2,132800.0,57000.0,9812000.0,16521600.0,58,110700.0,Medium,0.0574,0.1043,21923000.0,Aggressive
34,Male,Married,3,46300.0,24000.0,914700.0,2055400.0,65,36300.0,Medium,0.0517,0.0904,29858000.0,Moderate
53,Female,Married,1,61100.0,31100.0,2050600.0,6992800.0,60,38100.0,Medium,0.0571,0.0917,11504000.0,Aggressive
28,Male,Married,3,188200.0,138100.0,4363500.0,11127400.0,65,154000.0,Medium,0.0523,0.1007,161676000.0,Aggressive
43,Male,Married,2,71100.0,47900.0,5332200.0,8798400.0,55,57800.0,High,0.0625,0.1227,21697000.0,Aggressive
49,Male,Single,0,47300.0,29800.0,1079800.0,3688200.0,58,39400.0,Low,0.0677,0.0734,21300000.0,Conservative
23,Male,Married,3,43200.0,25100.0,657300.0,789400.0,55,27500.0,Medium,0.0688,0.0995,59909000.0,Moderate
27,Female,Single,1,89300.0,41000.0,1330000.0,5560800.0,58,71100.0,Medium,0.0515,0.0938,66309000.0,Aggressive
49,Male,Married,2,32900.0,24400.0,2553600.0,3984800.0,62,22700.0,High,0.0585,0.1216,7240000.0,Aggressive
49,Female,Married,3,63000.0,33500.0,5474800.0,2851600.0,55,52200.0,Medium,0.0572,0.0963,15413000.0,Moderate
41,Female,Married,0,89300.0,39100.0,3440900.0,9381100.0,60,60000.0,Medium,0.0526,0.0907,32537000.0,Aggressive
51,Female,Married,2,159500.0,91400.0,6734700.0,6384400.0,58,128400.0,Medium,0.0591,0.0966,40844000.0,Moderate
32,Male,Single,1,109200.0,77100.0,5123000.0,9645200.0,60,75200.0,Medium,0.0575,0.1012,69418000.0,Aggressive
49,Female,Single,0,47600.0,33800.0,2590000.0,4940600.0,62,28700.0,High,0.0659,0.1183,10741000.0,Aggressive
46,Female,Married,3,148300.0,59900.0,9409300.0,11453800.0,60,117200.0,High,0.0721,0.1208,52954000.0,Aggressive
54,Female,Single,0,61100.0,43400.0,4135600.0,2079400.0,60,38700.0,Medium,0.0614,0.096,11380000.0,Moderate
22,Male,Married,3,34800.0,17200.0,154700.0,395900.0,58,27800.0,Medium,0.0687,0.0936,68721000.0,Moderate
48,Male,Married,3,66000.0,27300.0,5221900.0,10661200.0,65,57900.0,Low,0.0537,0.0734,27682000.0,Moderate
34,Female,Married,1,173300.0,120700.0,3081100.0,2664300.0,60,154400.0,Medium,0.0724,0.0916,229347000.0,Moderate
24,Male,Married,2,80800.0,56800.0,1933000.0,1646300.0,60,54200.0,Medium,0.0538,0.1017,67904000.0,Moderate
27,Female,Single,0,73700.0,44900.0,990300.0,4546200.0,60,62100.0,Medium,0.0548,0.0981,67586000.0,Aggressive
29,Female,Married,2,195300.0,117400.0,7100800.0,7335800.0,65,137900.0,Low,0.0527,0.0653,186434000.0,Conservative
48,Male,Married,1,31000.0,21200.0,1036100.0,2719300.0,60,27000.0,High,0.0577,0.1285,7604000.0,Aggressive
30,Female,Single,0,33800.0,22800.0,677300.0,1851200.0,60,28300.0,Medium,0.0638,0.0958,36257000.0,Aggressive
58,Male,Married,3,27700.0,19700.0,1156800.0,3135700.0,60,17200.0,Medium,0.0747,0.0914,4921000.0,Moderate
54,Male,Single,0,91500.0,54300.0,7229000.0,4911200.0,58,66100.0,Low,0.0698,0.0755,26150000.0,Conservative
45,Female,Married,2,80800.0,59700.0,4227300.0,1807100.0,60,56700.0,Medium,0.0595,0.0975,25682000.0,Moderate
36,Male,Married,0,184500.0,138100.0,11133200.0,14754900.0,60,154200.0,High,0.0644,0.1111,119660000.0,Aggressive
53,Male,Single,0,84600.0,37300.0,3258600.0,15443800.0,60,61200.0,Medium,0.0656,0.0924,20769000.0,Aggressive
53,Female,Married,3,57400.0,40000.0,4177600.0,2405900.0,60,46200.0,Medium,0.0706,0.0964,16662000.0,Moderate
45,Female,Married,3,73200.0,42100.0,4931300.0,3670300.0,58,57100.0,Low,0.0684,0.0592,40251000.0,Conservative
33,Male,Married,0,78500.0,42000.0,1151700.0,3688000.0,60,70100.0,Medium,0.0642,0.0954,76770000.0,Moderate
23,Male,Married,0,26800.0,16500.0,225400.0,557200.0,65,23600.0,High,0.0667,0.1208,53361000.0,Aggressive
24,Female,Married,2,371800.0,156000.0,5113500.0,5028900.0,62,270800.0,Medium,0.0686,0.0891,760235000.0,Moderate
58,Male,Single,0,99900.0,57700.0,4610000.0,19217400.0,58,81600.0,High,0.0533,0.1214,13071000.0,Aggressive
38,Male,Single,0,83000.0,58500.0,2375100.0,1843900.0,60,70500.0,High,0.055,0.12,34006000.0,Aggressive
23,Male,Single,0,105800.0,50200.0,1373600.0,2507600.0,62,92000.0,High,0.0672,0.114,203176000.0,Aggressive
23,Male,Married,3,111900.0,61500.0,610300.0,1716100.0,60,69400.0,High,0.0713,0.1246,149322000.0,Aggressive
49,Male,Married,0,67200.0,49000.0,4661700.0,8492900.0,60,46400.0,Low,0.0602,0.0742,21645000.0,Moderate
44,Male,Married,3,50100.0,27600.0,3985600.0,3549700.0,65,34900.0,High,0.0745,0.1186,26303000.0,Aggressive
58,Male,Married,3,104800.0,55100.0,6943900.0,18179300.0,60,76500.0,Low,0.0554,0.069,21965000.0,Moderate
53,Female,Single,0,92200.0,51100.0,6048800.0,4822900.0,60,60000.0,Low,0.0604,0.0736,23114000.0,Conservative
54,Female,Married,3,45000.0,26200.0,789900.0,1467400.0,55,33700.0,Low,0.0595,0.069,10692000.0,Conservative
22,Female,Single,0,171300.0,106400.0,2712000.0,2004400.0,55,136900.0,Medium,0.0733,0.0853,419532000.0,Moderate
40,Female,Single,0,87200.0,59300.0,2429600.0,10758800.0,55,65300.0,Medium,0.0571,0.0974,33837000.0,Aggressive
23,Female,Single,0,113300.0,63200.0,1341600.0,2221600.0,65,90600.0,Medium,0.0618,0.0909,195987000.0,Moderate
47,Male,Married,3,168600.0,115700.0,14892300.0,16722600.0,60,104500.0,Low,0.0547,0.0681,52990000.0,Moderate
53,Male,Single,1,74100.0,43500.0,4756100.0,9065600.0,60,63900.0,Medium,0.063,0.1023,18978000.0,Aggressive
27,Male,Single,0,88400.0,45800.0,2687400.0,1360100.0,62,77900.0,Medium,0.0714,0.0943,190318000.0,Moderate
53,Male,Single,0,118900.0,74900.0,6040900.0,20060200.0,60,93400.0,High,0.0576,0.12,20444000.0,Aggressive
25,Female,Single,0,47300.0,30800.0,243000.0,1857400.0,60,40900.0,Low,0.0703,0.0725,124593000.0,Moderate
32,Male,Married,2,75500.0,44900.0,3524400.0,5242700.0,58,48300.0,Low,0.0728,0.0725,86151000.0,Moderate
38,Male,Married,2,78900.0,33100.0,807900.0,5520400.0,62,66200.0,Low,0.0518,0.0654,53013000.0,Moderate
59,Female,Married,1,41200.0,18900.0,3310700.0,8708800.0,58,26200.0,Medium,0.0689,0.0947,6482000.0,Aggressive
45,Male,Married,2,293800.0,146900.0,3334800.0,35000000.0,55,212200.0,Medium,0.0564,0.0952,77268000.0,Aggressive
26,Male,Single,0,31400.0,15700.0,992000.0,1239200.0,58,21900.0,Medium,0.0544,0.0964,24000000.0,Aggressive
55,Female,Married,0,33600.0,21400.0,872900.0,3061100.0,58,26100.0,Medium,0.065,0.0964,6926000.0,Moderate
27,Male,Single,0,160900.0,65400.0,3680000.0,7013800.0,58,111100.0,Medium,0.0676,0.1079,172277000.0,Aggressive
43,Male,Single,0,112200.0,74600.0,5940900.0,10917100.0,60,88800.0,Medium,0.0599,0.0891,52000000.0,Aggressive
32,Male,Single,0,39500.0,19500.0,1164300.0,1835700.0,58,28100.0,High,0.051,0.1249,15237000.0,Aggressive
37,Male,Single,0,105300.0,53500.0,3039200.0,5211300.0,60,90400.0,Low,0.0727,0.0759,123180000.0,Conservative
54,Male,Single,0,176400.0,103200.0,9464800.0,16869800.0,55,139400.0,High,0.0683,0.1225,27994000.0,Aggressive
30,Female,Married,3,71800.0,34100.0,1418000.0,3906900.0,58,47700.0,Medium,0.0568,0.0917,47531000.0,Aggressive
27,Female,Married,1,347800.0,246800.0,7007100.0,11344800.0,60,243800.0,Low,0.0624,0.0783,442191000.0,Conservative
37,Female,Single,1,26000.0,11200.0,779700.0,1161600.0,65,22200.0,High,0.0507,0.109,12221000.0,Aggressive
50,Female,Single,0,110900.0,61600.0,6489900.0,16165900.0,62,79400.0,High,0.0585,0.1166,24730000.0,Aggressive
24,Female,Married,1,147300.0,102700.0,1209600.0,3280300.0,65,112100.0,Medium,0.0631,0.1009,226999000.0,Moderate
41,Female,Single,0,124800.0,76800.0,9693100.0,3277900.0,60,99200.0,Medium,0.0629,0.0931,68311000.0,Moderate
57,Male,Single,0,64700.0,32500.0,3833000.0,6064300.0,60,45600.0,Medium,0.0552,0.103,10056000.0,Moderate
40,Female,Married,1,61400.0,33600.0,1330300.0,7814400.0,60,42300.0,Low,0.0694,0.0624,46895000.0,Moderate
47,Female,Single,0,95500.0,61800.0,4599800.0,12922900.0,60,70900.0,Low,0.0575,0.0644,42114000.0,Moderate
24,Male,Single,0,119300.0,88400.0,2676300.0,1828400.0,58,79300.0,High,0.0645,0.1173,114661000.0,Aggressive
40,Male,Married,1,105000.0,74800.0,1046400.0,14060500.0,60,72000.0,High,0.0568,0.1221,33527000.0,Aggressive
41,Female,Single,0,136500.0,71000.0,7659200.0,3742100.0,58,84400.0,Low,0.0606,0.0689,64553000.0,Conservative
53,Male,Married,2,39700.0,29700.0,2380000.0,7524400.0,60,27400.0,High,0.0552,0.1175,6131000.0,Aggressive
28,Female,Married,3,63800.0,25600.0,736500.0,1571400.0,60,44400.0,Medium,0.0658,0.1021,71809000.0,Moderate
54,Male,Single,1,41600.0,17000.0,3548600.0,1065000.0,58,37000.0,Low,0.0606,0.0776,12024000.0,Conservative
39,Female,Married,2,58000.0,39900.0,1889700.0,3982200.0,58,45100.0,Medium,0.0504,0.0929,23120000.0,Moderate
22,Male,Married,2,134500.0,63200.0,901300.0,1465700.0,55,112500.0,Medium,0.0507,0.0865,132492000.0,Moderate
32,Male,Single,0,78000.0,32900.0,3761500.0,4614400.0,65,47900.0,High,0.0618,0.1092,55957000.0,Aggressive
49,Female,Married,0,349400.0,168800.0,22179300.0,35000000.0,58,220800.0,High,0.0546,0.1212,52644000.0,Aggressive
46,Female,Single,0,82100.0,45100.0,6585000.0,11901000.0,58,69300.0,Low,0.0646,0.0733,43259000.0,Moderate
44,Female,Married,3,75800.0,49700.0,4294200.0,5728000.0,62,59700.0,Medium,0.0602,0.0953,32521000.0,Moderate
52,Female,Single,0,77900.0,48200.0,5910800.0,7468100.0,60,51200.0,High,0.0664,0.1196,14956000.0,Aggressive
51,Female,Married,2,49900.0,24100.0,4133800.0,2355600.0,58,36000.0,High,0.0738,0.116,11128000.0,Aggressive
56,Male,Single,0,70600.0,40700.0,1183900.0,2369900.0,58,53800.0,Low,0.0632,0.0733,17509000.0,Conservative
28,Female,Married,1,143900.0,104200.0,5081700.0,7213000.0,58,122800.0,Medium,0.0697,0.1034,201524000.0,Aggressive
37,Female,Single,0,78300.0,53700.0,3584300.0,1756300.0,58,48400.0,High,0.0688,0.1089,37114000.0,Aggressive
47,Male,Married,3,45400.0,23300.0,706500.0,5996000.0,55,35400.0,Medium,0.073,0.0946,16256000.0,Aggressive
23,Male,Married,0,42000.0,31200.0,425800.0,624100.0,60,34200.0,Medium,0.0554,0.0901,47969000.0,Moderate
22,Female,Married,3,55800.0,36200.0,185200.0,411200.0,62,49800.0,High,0.0707,0.1125,134612000.0,Aggressive
33,Male,Married,3,76400.0,32200.0,3490500.0,4788800.0,60,64300.0,Low,0.0726,0.0644,122120000.0,Moderate
26,Male,Married,0,149700.0,61700.0,3216800.0,2416400.0,60,102200.0,High,0.0598,0.1219,115238000.0,Aggressive
58,Female,Married,2,32700.0,15000.0,3385900.0,3552200.0,58,26600.0,Medium,0.0578,0.097,5731000.0,Moderate
53,Male,Married,0,60400.0,39500.0,1658000.0,9761500.0,58,50100.0,Low,0.0738,0.0773,20953000.0,Moderate
30,Male,Single,1,79700.0,37000.0,2636700.0,3652900.0,62,65300.0,Low,0.0657,0.07,134470000.0,Conservative
56,Female,Married,3,25000.0,14500.0,785000.0,1300700.0,55,21200.0,Low,0.0595,0.0612,7487000.0,Conservative
40,Female,Married,0,44300.0,19200.0,2222500.0,4748800.0,62,38600.0,Low,0.0698,0.0688,44340000.0,Moderate
37,Male,Married,1,48600.0,35100.0,2552800.0,1754300.0,60,30600.0,Medium,0.0576,0.0881,24166000.0,Moderate
24,Male,Married,2,45400.0,23600.0,870400.0,1324500.0,62,28700.0,Low,0.0544,0.064,51737000.0,Conservative
41,Female,Married,1,82100.0,58900.0,5382700.0,6507300.0,58,68900.0,High,0.0636,0.1229,32747000.0,Aggressive
45,Male,Single,0,66400.0,48500.0,4985800.0,5656600.0,58,44900.0,Medium,0.0642,0.096,22470000.0,Aggressive
54,Male,Married,0,52400.0,21100.0,959300.0,9109900.0,60,32400.0,Medium,0.0706,0.0979,10553000.0,Aggressive
45,Male,Married,1,94500.0,53200.0,3395500.0,11527400.0,60,68100.0,Medium,0.0614,0.0932,35499000.0,Aggressive
32,Female,Married,0,205600.0,84000.0,8448200.0,3048200.0,58,173900.0,Medium,0.0704,0.099,236426000.0,Moderate
29,Male,Married,2,195500.0,140400.0,5160700.0,5979300.0,65,124700.0,Medium,0.0578,0.0929,162801000.0,Moderate
57,Male,Married,2,25000.0,14500.0,747000.0,4676900.0,55,20000.0,Low,0.0644,0.0756,6517000.0,Moderate
59,Female,Married,2,103400.0,44100.0,6820000.0,3071300.0,55,62200.0,High,0.0552,0.1217,10663000.0,Aggressive
41,Male,Married,2,65700.0,28800.0,2439700.0,5764800.0,60,41600.0,Medium,0.0596,0.094,26047000.0,Aggressive
56,Male,Married,3,80300.0,42900.0,3858500.0,12665900.0,60,56600.0,Low,0.0714,0.0711,21026000.0,Moderate
46,Female,Single,0,57600.0,42000.0,4220300.0,6468000.0,65,36000.0,Medium,0.0554,0.0949,17294000.0,Aggressive
56,Female,Married,1,78500.0,50400.0,3900600.0,12850500.0,60,67000.0,Medium,0.0703,0.103,18612000.0,Aggressive
46,Female,Married,2,80100.0,56400.0,950900.0,10226300.0,55,68800.0,Low,0.0571,0.0712,31638000.0,Moderate
50,Female,Single,0,51700.0,27300.0,801300.0,6957400.0,60,42700.0,High,0.0509,0.12,9761000.0,Aggressive
39,Male,Single,0,42700.0,17700.0,2764100.0,4925400.0,58,28700.0,Medium,0.0527,0.0938,15639000.0,Aggressive
39,Male,Married,1,55900.0,41400.0,4003400.0,5264300.0,60,42300.0,Medium,0.0686,0.0992,35931000.0,Aggressive
23,Female,Single,0,84200.0,34200.0,1095800.0,998000.0,60,55200.0,Medium,0.0566,0.0985,79826000.0,Moderate
56,Female,Married,3,104800.0,76700.0,4784700.0,11635100.0,55,71700.0,High,0.0664,0.1186,14750000.0,Aggressive
37,Male,Married,3,122000.0,64500.0,8040900.0,11626000.0,60,92100.0,Low,0.0675,0.0642,116330000.0,Moderate
57,Female,Married,0,54400.0,22000.0,4056700.0,10231300.0,60,44600.0,Medium,0.0586,0.0905,11057000.0,Aggressive
54,Male,Married,3,86700.0,55600.0,7606500.0,6234600.0,60,54500.0,Medium,0.0619,0.0941,15843000.0,Moderate
25,Female,Single,0,130300.0,96800.0,3216800.0,2651400.0,60,89800.0,Medium,0.0601,0.1017,132225000.0,Moderate
54,Male,Married,2,147200.0,108600.0,6716700.0,27645700.0,58,129200.0,Low,0.0737,0.0687,52831000.0,Moderate
35,Female,Married,0,70600.0,32200.0,2458800.0,5174000.0,58,51400.0,Low,0.058,0.067,53253000.0,Moderate
42,Female,Married,1,64100.0,29700.0,1427000.0,2683200.0,58,56500.0,High,0.0546,0.1112,21737000.0,Aggressive
41,Male,Single,0,82000.0,49000.0,2384900.0,8445200.0,58,73600.0,Medium,0.0591,0.1026,40861000.0,Aggressive
29,Female,Married,1,36700.0,22900.0,1403100.0,2925000.0,60,27800.0,Medium,0.0667,0.0978,43326000.0,Aggressive
28,Male,Single,0,65100.0,42900.0,2599800.0,4027900.0,65,44700.0,Medium,0.0674,0.099,87788000.0,Aggressive
24,Male,Single,1,114300.0,53000.0,2197000.0,3362100.0,60,95700.0,Medium,0.0731,0.0998,274297000.0,Moderate
38,Male,Single,0,107500.0,79100.0,4060400.0,4299100.0,60,69600.0,Low,0.072,0.0692,90337000.0,Conservative
54,Male,Single,0,62200.0,38800.0,1190700.0,11084100.0,60,42000.0,Low,0.0572,0.0704,14540000.0,Moderate
33,Male,Married,2,83300.0,58000.0,804300.0,5115200.0,58,69600.0,High,0.0614,0.1274,48533000.0,Aggressive
43,Female,Single,0,44600.0,26300.0,1632900.0,6253000.0,65,32600.0,Medium,0.0687,0.0959,25510000.0,Aggressive
43,Female,Married,1,111500.0,60800.0,4813800.0,7105500.0,65,73600.0,Medium,0.0729,0.0979,68909000.0,Moderate
51,Male,Married,0,69800.0,51800.0,4415100.0,2297700.0,60,55500.0,High,0.0584,0.1244,14096000.0,Aggressive
59,Female,Married,0,62000.0,37400.0,793400.0,7290000.0,58,50800.0,Medium,0.0611,0.0982,11092000.0,Moderate
59,Male,Single,0,58900.0,41400.0,6390000.0,4594100.0,60,37600.0,Low,0.0725,0.0694,11383000.0,Conservative
29,Female,Married,0,70400.0,51600.0,1457100.0,4239200.0,58,48100.0,Low,0.059,0.0698,73303000.0,Moderate
48,Female,Married,3,55900.0,35600.0,4437900.0,9497900.0,60,37300.0,Medium,0.062,0.0989,15317000.0,Aggressive
48,Female,Married,2,108500.0,64200.0,5842000.0,13948200.0,62,77500.0,High,0.0726,0.1239,36351000.0,Aggressive
55,Female,Single,0,57700.0,23200.0,1354700.0,10585400.0,58,47800.0,Low,0.0701,0.0758,18211000.0,Moderate
42,Male,Married,0,190200.0,78700.0,12555800.0,14881700.0,65,154800.0,Low,0.0561,0.0728,112648000.0,Moderate
51,Male,Married,2,176200.0,82900.0,12674200.0,26543300.0,65,140700.0,High,0.0581,0.123,41074000.0,Aggressive
54,Female,Married,3,42800.0,19900.0,2527400.0,7377700.0,65,25800.0,Low,0.0588,0.0678,10596000.0,Moderate
49,Female,Single,0,76300.0,37300.0,4057000.0,10274800.0,60,49000.0,Medium,0.0728,0.0921,25843000.0,Aggressive
54,Male,Married,2,49500.0,25100.0,952000.0,5611800.0,58,33000.0,Low,0.075,0.0739,12996000.0,Moderate
26,Female,Single,0,60100.0,31600.0,1501700.0,2315400.0,60,41000.0,Medium,0.0694,0.0921,96055000.0,Aggressive
40,Male,Single,0,243200.0,133100.0,17107300.0,25363400.0,60,156600.0,Medium,0.0621,0.0949,104988000.0,Aggressive
25,Male,Married,0,60800.0,26400.0,367700.0,1007000.0,58,44000.0,Low,0.0503,0.0769,50613000.0,Conservative
56,Male,Single,0,90800.0,37700.0,3291200.0,15676900.0,60,56500.0,Medium,0.0674,0.1011,14814000.0,Aggressive
38,Female,Single,0,101200.0,64400.0,6653700.0,12769700.0,60,83500.0,Medium,0.0597,0.0965,60700000.0,Aggressive
49,Male,Single,0,40100.0,23600.0,1364700.0,3834400.0,55,33500.0,Medium,0.0658,0.0935,11880000.0,Aggressive
51,Female,Married,3,43800.0,24300.0,2939700.0,6085300.0,58,33800.0,Medium,0.0652,0.0944,11281000.0,Aggressive
50,Male,Married,3,35500.0,22100.0,1983100.0,5036800.0,55,22300.0,Medium,0.062,0.0993,6855000.0,Aggressive
27,Female,Married,0,43000.0,29700.0,1109700.0,1984300.0,60,37300.0,Medium,0.0736,0.0948,90117000.0,Aggressive
56,Female,Married,3,25000.0,13700.0,1261300.0,3118700.0,60,22200.0,Medium,0.0506,0.0922,4927000.0,Aggressive
58,Female,Single,0,101400.0,63300.0,4137000.0,19498200.0,55,67000.0,Medium,0.0678,0.1011,16202000.0,Aggressive
45,Male,Married,3,250800.0,184000.0,3339600.0,21191300.0,65,203500.0,Medium,0.0602,0.0959,119051000.0,Aggressive
50,Male,Married,0,79900.0,55400.0,5880400.0,2563100.0,55,68100.0,Medium,0.0678,0.0921,24002000.0,Moderate
52,Female,Single,0,31300.0,17200.0,2389400.0,5198400.0,60,23800.0,Low,0.0669,0.0724,11174000.0,Moderate
56,Female,Married,1,49700.0,31100.0,3689600.0,7350800.0,60,34600.0,Low,0.0503,0.0749,9350000.0,Moderate
54,Female,Married,2,55500.0,25600.0,3861100.0,9627600.0,60,41300.0,Low,0.0571,0.065,15151000.0,Moderate
42,Male,Single,1,39700.0,23700.0,1047400.0,1448900.0,55,29900.0,High,0.0547,0.119,9557000.0,Aggressive
53,Male,Single,0,122500.0,91100.0,1607900.0,3535000.0,65,88200.0,High,0.0542,0.1188,21747000.0,Aggressive
44,Male,Single,0,118900.0,69100.0,8331600.0,17895400.0,65,104500.0,Medium,0.0682,0.0973,78749000.0,Aggressive
54,Male,Single,0,36600.0,26500.0,2041100.0,1830000.0,60,30100.0,Low,0.056,0.0732,10252000.0,Conservative
24,Female,Married,3,113000.0,61300.0,1104200.0,3564700.0,60,76000.0,Low,0.0619,0.0672,199281000.0,Conservative
39,Female,Married,0,182800.0,137000.0,2736600.0,21122600.0,55,141800.0,High,0.0562,0.1125,59096000.0,Aggressive
46,Male,Married,0,229000.0,138000.0,3369600.0,28660100.0,60,184700.0,High,0.0645,0.1252,68171000.0,Aggressive
52,Male,Married,2,408000.0,169200.0,16943300.0,18487700.0,60,262000.0,Low,0.068,0.0644,130526000.0,Conservative
24,Female,Single,0,42600.0,25800.0,896200.0,1141800.0,60,30100.0,High,0.0583,0.1214,36742000.0,Aggressive
45,Male,Married,0,398100.0,197500.0,25000000.0,35000000.0,60,347000.0,Medium,0.0651,0.0943,194254000.0,Aggressive
53,Male,Married,2,59100.0,24300.0,5379400.0,5734300.0,60,45500.0,Medium,0.0706,0.0958,15945000.0,Moderate
43,Male,Married,3,51300.0,35300.0,3930600.0,3856000.0,58,34100.0,Medium,0.0524,0.1033,13795000.0,Moderate
44,Male,Married,2,89000.0,44200.0,6897700.0,7246200.0,58,56700.0,Medium,0.0678,0.1102,27847000.0,Moderate
23,Male,Married,2,51600.0,35000.0,538500.0,248200.0,58,39000.0,High,0.0581,0.1118,48380000.0,Aggressive
48,Male,Married,2,92900.0,46500.0,2610400.0,14845000.0,55,71000.0,Low,0.0531,0.0749,28052000.0,Moderate
23,Female,Married,1,33100.0,15500.0,488800.0,732200.0,60,23200.0,Medium,0.0636,0.0942,48168000.0,Moderate
47,Male,Single,0,63400.0,47000.0,1718000.0,10914200.0,60,50000.0,Medium,0.0557,0.1002,17866000.0,Aggressive
38,Male,Single,0,158200.0,83300.0,3971000.0,13254600.0,60,98200.0,Medium,0.0705,0.0998,94829000.0,Aggressive
54,Female,Single,0,70700.0,43200.0,2292500.0,11044000.0,60,45500.0,Medium,0.0511,0.102,10287000.0,Aggressive
30,Female,Single,0,79600.0,48800.0,2305400.0,2067400.0,60,60800.0,Low,0.0525,0.0714,61514000.0,Conservative
50,Female,Married,2,97300.0,58000.0,3680900.0,12706600.0,58,60200.0,Medium,0.063,0.0906,22079000.0,Aggressive
47,Male,Married,2,147600.0,106300.0,3296300.0,17609600.0,58,127600.0,Medium,0.0647,0.0996,53274000.0,Aggressive
56,Female,Married,1,27100.0,17200.0,1461800.0,5132100.0,58,17400.0,Medium,0.0682,0.0956,4445000.0,Aggressive
46,Male,Married,0,103900.0,56200.0,8135200.0,14882000.0,60,83300.0,Medium,0.0565,0.0938,36030000.0,Aggressive
45,Male,Married,0,62300.0,43700.0,3325100.0,9666900.0,58,44700.0,Medium,0.071,0.0926,26428000.0,Aggressive
34,Male,Single,0,80800.0,37400.0,4493300.0,7935900.0,55,58200.0,Low,0.0738,0.075,87878000.0,Moderate
28,Female,Single,0,138100.0,81500.0,1736700.0,8947400.0,60,114500.0,Medium,0.0625,0.103,146577000.0,Aggressive
57,Female,Married,1,35700.0,26200.0,986700.0,1326600.0,65,26800.0,Low,0.069,0.064,10699000.0,Conservative
41,Female,Married,3,39800.0,24600.0,1944600.0,5032800.0,60,32500.0,Low,0.0631,0.0731,26626000.0,Moderate
22,Female,Married,0,25000.0,17100.0,235300.0,409100.0,60,18800.0,Low,0.0517,0.0681,29339000.0,Conservative
29,Female,Single,1,52600.0,33100.0,1748300.0,1922200.0,60,40900.0,Low,0.0582,0.0627,68833000.0,Conservative
37,Male,Single,0,162500.0,112700.0,9260400.0,3501200.0,60,134600.0,Medium,0.0522,0.0957,78063000.0,Moderate
35,Male,Married,2,68000.0,49700.0,3437600.0,5674700.0,60,53200.0,High,0.0747,0.1158,64803000.0,Aggressive
33,Male,Single,0,32700.0,16200.0,1852000.0,1408800.0,62,25700.0,Low,0.0557,0.0621,32362000.0,Conservative
44,Male,Single,0,54600.0,25100.0,2144100.0,4636700.0,58,45700.0,High,0.0659,0.1161,20721000.0,Aggressive
36,Female,Married,3,29900.0,17000.0,593200.0,2621600.0,58,26500.0,Low,0.0571,0.0649,27171000.0,Moderate
49,Female,Single,0,37200.0,24000.0,2090400.0,6197300.0,58,26500.0,Medium,0.0663,0.0918,11227000.0,Aggressive
55,Male,Married,1,92300.0,44300.0,1999900.0,15915400.0,60,71400.0,Medium,0.0553,0.0884,19299000.0,Aggressive
23,Female,Single,0,36200.0,14500.0,239700.0,467500.0,62,22700.0,High,0.0696,0.118,55131000.0,Aggressive
53,Female,Single,0,142600.0,74200.0,4228800.0,12906600.0,58,100900.0,Low,0.0528,0.0664,35591000.0,Conservative
44,Male,Married,3,70100.0,51800.0,2743800.0,3706400.0,58,50700.0,Medium,0.0724,0.0969,31637000.0,Moderate
43,Male,Married,3,77000.0,49500.0,1333600.0,5355300.0,62,65500.0,Low,0.071,0.073,63833000.0,Conservative
46,Female,Married,0,61900.0,33500.0,761000.0,2268100.0,60,46700.0,Medium,0.067,0.0963,23296000.0,Moderate
43,Female,Married,0,116300.0,54400.0,6666600.0,17606200.0,60,95300.0,High,0.0517,0.1188,34527000.0,Aggressive
43,Male,Single,0,117000.0,61400.0,6307400.0,11359800.0,62,70900.0,High,0.0552,0.1187,30189000.0,Aggressive
27,Male,Married,1,89400.0,41100.0,2665500.0,1364700.0,60,66100.0,Medium,0.0715,0.0908,160267000.0,Moderate
36,Male,Single,1,102600.0,44900.0,4824100.0,5379100.0,60,89300.0,Medium,0.053,0.0909,62526000.0,Moderate
58,Female,Married,3,64400.0,46200.0,1479400.0,8313200.0,55,43000.0,High,0.0539,0.1235,7006000.0,Aggressive
54,Male,Married,2,101200.0,75800.0,3811100.0,11920100.0,58,61700.0,Medium,0.0636,0.0862,19254000.0,Aggressive
29,Male,Married,0,59700.0,27300.0,643200.0,725500.0,60,43600.0,Low,0.0569,0.0696,60078000.0,Conservative
26,Female,Married,0,73200.0,30700.0,2267400.0,4022400.0,60,59400.0,High,0.0556,0.1184,60546000.0,Aggressive
25,Female,Single,0,62000.0,32000.0,1498100.0,1085700.0,65,45700.0,Low,0.0644,0.073,120684000.0,Conservative
27,Female,Single,0,55600.0,31200.0,649500.0,490100.0,65,41000.0,Low,0.0593,0.0629,84291000.0,Conservative
53,Female,Married,1,48400.0,22800.0,2010600.0,1778600.0,62,38800.0,Low,0.0535,0.0701,14384000.0,Conservative
51,Female,Married,2,96800.0,48900.0,9104700.0,11507700.0,58,65500.0,Medium,0.0634,0.0967,20918000.0,Aggressive
56,Male,Married,0,160600.0,75500.0,10775300.0,8036000.0,65,132600.0,Medium,0.0597,0.0855,39850000.0,Moderate
37,Male,Single,1,147700.0,99100.0,8476800.0,2938300.0,60,95400.0,Low,0.0684,0.0646,122856000.0,Conservative
34,Female,Single,0,34400.0,22300.0,742800.0,1734300.0,58,24700.0,Medium,0.0526,0.0945,16350000.0,Moderate
51,Female,Single,0,158500.0,98600.0,4575700.0,19962000.0,60,126300.0,High,0.0655,0.1226,36408000.0,Aggressive
40,Female,Married,1,60400.0,32300.0,3726600.0,1868200.0,55,51300.0,High,0.0609,0.1209,22035000.0,Aggressive
38,Female,Married,1,104900.0,75300.0,5443900.0,5477500.0,58,87800.0,Medium,0.0602,0.0978,58622000.0,Moderate
40,Female,Married,3,42500.0,31400.0,2325200.0,2934800.0,62,34700.0,High,0.0558,0.1146,17995000.0,Aggressive
49,Male,Single,0,79600.0,36700.0,4484500.0,3742700.0,60,56300.0,High,0.0508,0.1121,15330000.0,Aggressive
47,Male,Married,0,88300.0,42200.0,4864100.0,8609500.0,58,56200.0,Low,0.0712,0.0704,35866000.0,Moderate
58,Male,Married,2,30000.0,17500.0,2478800.0,1255600.0,60,20000.0,Medium,0.0582,0.0889,4589000.0,Moderate
47,Male,Single,1,105300.0,45500.0,3327500.0,2922700.0,65,90500.0,Medium,0.067,0.0907,56359000.0,Moderate
44,Female,Married,0,164000.0,90700.0,5880200.0,15127100.0,60,140600.0,Low,0.0737,0.0747,123703000.0,Moderate
30,Male,Married,2,65900.0,39800.0,2972300.0,1939900.0,58,58400.0,Low,0.0641,0.0709,101438000.0,Conservative
33,Female,Married,0,165400.0,96400.0,3808100.0,3554600.0,58,103000.0,Medium,0.0599,0.0922,96151000.0,Moderate
22,Female,Married,3,65300.0,33700.0,701400.0,804900.0,58,49700.0,Low,0.0567,0.0665,102412000.0,Conservative
22,Female,Single,0,121800.0,71800.0,1612900.0,2817600.0,65,96800.0,Low,0.0734,0.0731,459642000.0,Conservative
55,Male,Single,0,25000.0,18400.0,2584900.0,3857000.0,60,20300.0,Medium,0.0671,0.0961,5889000.0,Aggressive
53,Female,Married,2,312200.0,147400.0,15582900.0,35000000.0,60,247600.0,Medium,0.0666,0.0889,94071000.0,Aggressive
46,Male,Single,0,179400.0,112900.0,7777600.0,26788700.0,60,149100.0,High,0.0607,0.1103,61447000.0,Aggressive
22,Male,Married,2,61600.0,25600.0,953700.0,1502900.0,62,43600.0,Medium,0.0711,0.1044,128044000.0,Moderate
37,Female,Married,0,25000.0,10600.0,1441500.0,2512300.0,60,16300.0,Medium,0.0678,0.0889,17759000.0,Aggressive
26,Female,Married,2,86900.0,51500.0,2380600.0,3271200.0,60,57500.0,Medium,0.0571,0.0976,68397000.0,Moderate
43,Female,Married,0,30700.0,13400.0,1324100.0,2105800.0,58,18500.0,Low,0.065,0.0776,13522000.0,Conservative
50,Male,Single,0,95500.0,38900.0,3629900.0,4933500.0,55,67300.0,Low,0.0608,0.0707,27644000.0,Conservative
24,Female,Single,0,93600.0,43100.0,1554000.0,2568800.0,65,58700.0,High,0.0502,0.117,59002000.0,Aggressive
33,Male,Single,0,41600.0,24900.0,2210200.0,4364500.0,65,29000.0,Medium,0.0702,0.0879,48606000.0,Aggressive
47,Female,Married,2,143300.0,92600.0,11564600.0,13130200.0,65,113000.0,High,0.0531,0.1128,39066000.0,Aggressive
37,Female,Single,0,118600.0,55800.0,1716100.0,11394200.0,65,103000.0,Medium,0.0627,0.0969,100508000.0,Aggressive
58,Male,Single,0,131300.0,83200.0,6974900.0,15660700.0,62,111900.0,Low,0.0584,0.0773,30910000.0,Moderate
43,Male,Married,1,73500.0,34100.0,3178100.0,5709700.0,60,49700.0,Medium,0.0586,0.093,25889000.0,Moderate
50,Male,Married,3,31300.0,19200.0,2921900.0,2779600.0,62,20000.0,Medium,0.0619,0.0922,8588000.0,Moderate
35,Male,Single,0,131500.0,71600.0,6091600.0,8641000.0,60,86500.0,Medium,0.0749,0.0985,128637000.0,Aggressive
49,Male,Married,3,62200.0,39100.0,2752400.0,4975300.0,58,55400.0,Medium,0.0602,0.0916,21307000.0,Moderate
26,Male,Married,1,31800.0,23800.0,153700.0,1422600.0,58,24300.0,High,0.0546,0.1214,19727000.0,Aggressive
51,Female,Single,0,164600.0,119900.0,9791300.0,27598500.0,65,107800.0,High,0.0653,0.1202,40654000.0,Aggressive
26,Female,Single,1,257700.0,103500.0,1823100.0,13275600.0,58,219600.0,High,0.0559,0.118,191570000.0,Aggressive
33,Male,Single,0,71300.0,50600.0,3630200.0,2407300.0,62,51200.0,Low,0.0526,0.0699,51280000.0,Conservative
37,Female,Married,3,267100.0,113100.0,14524300.0,30799700.0,55,232300.0,Low,0.0513,0.0788,141395000.0,Moderate
47,Male,Single,0,77200.0,56600.0,3616100.0,5599600.0,58,52400.0,Low,0.0506,0.073,23294000.0,Conservative
47,Female,Married,1,58200.0,29000.0,2580400.0,3936600.0,58,41800.0,Low,0.0608,0.0755,22092000.0,Conservative
42,Female,Married,1,50100.0,26700.0,3664900.0,5740500.0,55,37600.0,Medium,0.0607,0.0904,19238000.0,Aggressive
57,Male,Married,3,195300.0,84400.0,7643400.0,15997900.0,58,169500.0,Medium,0.0546,0.1005,32751000.0,Moderate
54,Male,Single,0,45800.0,20100.0,1550400.0,1526200.0,58,39400.0,Medium,0.0696,0.0982,12148000.0,Moderate
51,Male,Married,3,113700.0,74400.0,10425600.0,9620000.0,62,87800.0,High,0.0532,0.1125,23340000.0,Aggressive
58,Female,Married,2,52300.0,38200.0,4690700.0,8474400.0,55,34900.0,High,0.0729,0.1227,7244000.0,Aggressive
44,Male,Married,3,55500.0,34100.0,3938600.0,3614500.0,58,40000.0,Low,0.0647,0.0674,27894000.0,Conservative
31,Female,Married,1,135700.0,88300.0,2085600.0,8545400.0,55,121100.0,High,0.0507,0.1123,67660000.0,Aggressive
26,Male,Married,3,58200.0,38800.0,499700.0,2342900.0,60,45500.0,Medium,0.0741,0.0956,122686000.0,Aggressive
57,Female,Married,3,57400.0,28200.0,820600.0,9275700.0,60,47900.0,Medium,0.0577,0.0977,10470000.0,Aggressive
55,Female,Married,2,144300.0,60000.0,4801800.0,26736600.0,60,106100.0,High,0.0612,0.1208,23455000.0,Aggressive
52,Male,Married,1,190700.0,76400.0,15027400.0,18369800.0,58,144900.0,Low,0.0571,0.0695,56841000.0,Conservative
31,Female,Single,0,107700.0,56300.0,1887100.0,2681200.0,58,78500.0,High,0.0682,0.1183,86532000.0,Aggressive
40,Female,Single,0,49400.0,23900.0,2864100.0,2802900.0,60,40100.0,Medium,0.0621,0.1073,24162000.0,Moderate
53,Male,Single,0,53800.0,22700.0,1806400.0,5281700.0,62,46000.0,High,0.0533,0.1141,11125000.0,Aggressive
22,Female,Married,3,76700.0,35500.0,638500.0,1434700.0,58,57700.0,High,0.0526,0.1244,53576000.0,Aggressive
26,Male,Married,3,88700.0,39300.0,3145400.0,670200.0,60,66000.0,Medium,0.0681,0.0951,136255000.0,Moderate
25,Male,Married,2,40400.0,29100.0,414000.0,776900.0,58,28400.0,Low,0.0559,0.0657,49085000.0,Conservative
37,Male,Married,0,112900.0,50700.0,3507700.0,11554900.0,58,73700.0,Low,0.0534,0.0698,60062000.0,Moderate
45,Male,Married,0,77000.0,45300.0,2517500.0,8973100.0,60,67900.0,Medium,0.0625,0.088,38888000.0,Aggressive
37,Female,Married,2,26100.0,15900.0,379500.0,2531000.0,60,18100.0,Low,0.0701,0.067,23319000.0,Moderate
23,Female,Single,0,41900.0,24700.0,412200.0,874000.0,58,35200.0,High,0.057,0.1198,40183000.0,Aggressive
49,Female,Married,0,54000.0,23500.0,2261300.0,7892800.0,58,44000.0,Low,0.0569,0.0622,22663000.0,Moderate
53,Male,Single,0,70000.0,35800.0,5112700.0,9894200.0,65,58600.0,High,0.0708,0.1225,20130000.0,Aggressive
48,Female,Single,0,227200.0,95000.0,17471900.0,20335600.0,62,200200.0,Medium,0.0537,0.0902,79538000.0,Moderate
41,Female,Single,0,84400.0,45400.0,3939400.0,12168000.0,62,66400.0,Low,0.0654,0.0627,66318000.0,Moderate
45,Male,Single,0,44200.0,20600.0,533100.0,4501300.0,60,38400.0,Medium,0.0739,0.0896,27219000.0,Aggressive
33,Male,Married,3,83500.0,49800.0,3296300.0,2626100.0,60,54300.0,Medium,0.071,0.1059,69556000.0,Moderate
56,Female,Married,3,59200.0,38000.0,996300.0,4637300.0,58,46700.0,Medium,0.0515,0.0851,11352000.0,Moderate
54,Male,Single,0,88900.0,52100.0,5965200.0,12985400.0,55,73900.0,Medium,0.058,0.0972,16574000.0,Aggressive
54,Male,Married,1,103600.0,57200.0,7595500.0,19347700.0,60,70600.0,Low,0.0536,0.0662,25613000.0,Moderate
58,Male,Married,2,151100.0,80900.0,4681900.0,8992800.0,60,124200.0,Medium,0.0737,0.0932,35617000.0,Moderate
33,Male,Single,1,72100.0,50100.0,3613100.0,1462400.0,58,60100.0,Medium,0.0746,0.098,91412000.0,Moderate
24,Female,Married,2,195500.0,93200.0,4583300.0,6635800.0,62,166000.0,High,0.0559,0.1228,198913000.0,Aggressive
22,Male,Single,0,126100.0,82800.0,1892700.0,2917500.0,58,87500.0,High,0.0667,0.1166,162534000.0,Aggressive
54,Male,Married,0,47800.0,31800.0,1860800.0,3472300.0,58,38500.0,Low,0.071,0.0632,15401000.0,Conservative
31,Male,Married,0,275400.0,150600.0,9407400.0,11630500.0,58,190400.0,Low,0.0558,0.0731,216952000.0,Conservative
50,Male,Single,0,89000.0,44900.0,7835100.0,11516500.0,60,73100.0,Medium,0.0547,0.0978,23093000.0,Aggressive
34,Male,Single,0,44300.0,25000.0,1094300.0,2018300.0,55,32700.0,High,0.0503,0.1186,14586000.0,Aggressive
33,Male,Married,2,197200.0,85300.0,9889400.0,18535300.0,58,153700.0,Medium,0.0603,0.0972,131009000.0,Aggressive
52,Male,Married,0,254400.0,105800.0,2998100.0,10507500.0,60,184400.0,Low,0.0725,0.0678,91369000.0,Conservative
23,Male,Single,0,71700.0,31500.0,147600.0,275000.0,60,46500.0,Low,0.0726,0.0659,167566000.0,Conservative
56,Female,Married,0,54100.0,25200.0,4465400.0,3405200.0,60,35300.0,Low,0.0532,0.07,10364000.0,Conservative
44,Male,Married,3,65900.0,38000.0,4384000.0,3913300.0,58,41100.0,Medium,0.0551,0.0976,17390000.0,Moderate
38,Female,Married,3,112300.0,78300.0,6568900.0,3250700.0,60,88200.0,Medium,0.0602,0.0965,63238000.0,Moderate
47,Male,Married,2,157400.0,75900.0,13284900.0,4826800.0,60,134500.0,Medium,0.0695,0.0975,71737000.0,Moderate
29,Male,Married,2,103000.0,74900.0,1059100.0,6496400.0,58,62400.0,Low,0.0653,0.0662,117351000.0,Moderate
50,Male,Married,2,77700.0,57000.0,2348400.0,3794800.0,62,48200.0,Low,0.0628,0.0779,24229000.0,Conservative
47,Male,Married,0,179700.0,132200.0,14788900.0,28644600.0,60,132500.0,Medium,0.0648,0.0933,64485000.0,Aggressive
31,Female,Married,1,60600.0,42000.0,879100.0,2513000.0,58,49800.0,High,0.0524,0.1194,28462000.0,Aggressive
47,Male,Single,0,135700.0,71600.0,8763300.0,16619700.0,65,87800.0,Medium,0.0619,0.0884,48816000.0,Aggressive
55,Male,Single,0,61500.0,26200.0,3705100.0,3988700.0,62,41900.0,High,0.0748,0.119,11441000.0,Aggressive
28,Female,Married,0,94700.0,56700.0,772700.0,2299600.0,65,63400.0,Medium,0.0522,0.0977,63205000.0,Moderate
25,Female,Married,2,68300.0,40700.0,776500.0,2065500.0,60,49200.0,Low,0.063,0.0738,107089000.0,Conservative
32,Male,Single,0,70700.0,49300.0,2308600.0,4316000.0,58,47200.0,Low,0.0574,0.0778,48956000.0,Moderate
50,Female,Married,0,58300.0,43600.0,4824100.0,8571900.0,58,41100.0,Medium,0.0635,0.0976,14199000.0,Aggressive
57,Female,Married,3,163900.0,94700.0,12916300.0,27218600.0,60,134200.0,Medium,0.0643,0.0964,32717000.0,Aggressive
46,Female,Single,1,47100.0,24500.0,2757400.0,5629500.0,65,36900.0,Medium,0.0644,0.0928,21330000.0,Aggressive
42,Male,Married,0,46900.0,21800.0,2084100.0,3645300.0,60,29300.0,High,0.0713,0.1167,19368000.0,Aggressive
57,Male,Single,0,261100.0,104900.0,10471400.0,35000000.0,62,206600.0,Medium,0.0597,0.0999,49275000.0,Aggressive
31,Male,Single,0,131500.0,76000.0,1541700.0,8205500.0,58,97700.0,Low,0.0629,0.0748,131819000.0,Moderate
58,Female,Married,3,25000.0,14900.0,1281800.0,5319800.0,60,22000.0,High,0.0503,0.1146,3639000.0,Aggressive
30,Male,Married,2,52100.0,35900.0,362000.0,3814600.0,65,35800.0,Medium,0.0697,0.0986,67229000.0,Aggressive
45,Female,Single,1,25000.0,14400.0,644700.0,652100.0,60,20400.0,Medium,0.0565,0.0983,8531000.0,Moderate
56,Male,Married,1,41300.0,29800.0,2148000.0,3444600.0,65,33800.0,Medium,0.0704,0.0894,12770000.0,Moderate
56,Male,Married,2,25000.0,15500.0,1267900.0,3231700.0,60,16700.0,Medium,0.0566,0.0977,3897000.0,Aggressive
57,Female,Single,0,67400.0,46800.0,1080100.0,10738100.0,60,58700.0,Low,0.0503,0.0648,16564000.0,Moderate
39,Male,Single,0,36900.0,16700.0,1738200.0,3051300.0,60,27600.0,Medium,0.0539,0.0829,18090000.0,Aggressive
53,Female,Married,1,75800.0,53000.0,4555900.0,12074600.0,65,60900.0,Medium,0.0746,0.0942,29842000.0,Aggressive
45,Female,Single,0,27600.0,17600.0,430100.0,1669600.0,60,17800.0,Medium,0.058,0.0963,8226000.0,Moderate
44,Male,Married,0,76900.0,35300.0,6164500.0,3462000.0,58,52100.0,Low,0.0527,0.0694,25948000.0,Conservative
53,Female,Married,1,57000.0,26600.0,1139400.0,1872900.0,60,44200.0,Low,0.053,0.0843,12842000.0,Conservative
58,Male,Married,3,180100.0,130400.0,16940900.0,24142300.0,60,125300.0,Low,0.0578,0.0719,35604000.0,Moderate
33,Male,Single,0,170600.0,70200.0,1134400.0,13051800.0,55,127900.0,Medium,0.0509,0.0957,76157000.0,Aggressive
34,Female,Married,0,117100.0,65800.0,6537600.0,5291900.0,60,83400.0,High,0.0628,0.1221,64211000.0,Aggressive
44,Male,Married,3,60100.0,30600.0,652700.0,6335500.0,58,47600.0,Low,0.0553,0.0678,27113000.0,Moderate
46,Female,Single,0,240700.0,152300.0,16656000.0,6720200.0,60,179600.0,Medium,0.063,0.0996,80452000.0,Moderate
56,Male,Single,0,28800.0,20000.0,1307700.0,1238700.0,62,17300.0,Medium,0.0535,0.0968,4423000.0,Moderate
51,Male,Single,0,31500.0,16600.0,2342900.0,4380000.0,60,25000.0,High,0.0607,0.1216,6694000.0,Aggressive
38,Male,Married,2,69500.0,38200.0,2343000.0,4070800.0,62,50500.0,Low,0.0649,0.0669,60620000.0,Conservative
41,Male,Married,2,282800.0,210300.0,3863900.0,29403800.0,58,198700.0,Low,0.0515,0.0622,131862000.0,Moderate
46,Male,Single,0,64800.0,43700.0,4533300.0,9290500.0,65,40700.0,Low,0.06,0.0675,27484000.0,Moderate
43,Female,Married,3,65500.0,46800.0,942500.0,8854900.0,58,43600.0,High,0.0576,0.1214,15913000.0,Aggressive
34,Female,Single,0,30800.0,17000.0,1787500.0,928500.0,55,20500.0,Medium,0.056,0.0928,13764000.0,Moderate
40,Female,Married,2,129000.0,62200.0,1541000.0,10009700.0,62,113600.0,Low,0.0651,0.0715,111734000.0,Moderate
57,Female,Married,0,129600.0,70500.0,7413600.0,20947500.0,60,94600.0,Low,0.0647,0.0688,32496000.0,Moderate
33,Female,Married,0,117400.0,76400.0,5283200.0,9911300.0,58,71900.0,Low,0.0658,0.0722,106029000.0,Moderate
40,Female,Married,2,50100.0,22000.0,1762500.0,5750500.0,65,32100.0,Low,0.054,0.0651,26445000.0,Moderate
33,Male,Married,2,47900.0,23700.0,869900.0,1619300.0,60,29900.0,High,0.0571,0.121,20943000.0,Aggressive
30,Male,Married,2,33700.0,14000.0,1348300.0,849100.0,65,26200.0,Medium,0.0552,0.0918,28723000.0,Moderate
28,Female,Married,1,76900.0,42400.0,2740500.0,3600800.0,60,50400.0,Medium,0.0635,0.0873,85194000.0,Aggressive
49,Female,Married,0,38200.0,26300.0,3327400.0,5327500.0,60,28600.0,Medium,0.0615,0.0942,11692000.0,Aggressive
35,Male,Single,0,36100.0,14800.0,1043700.0,1685700.0,60,25700.0,Medium,0.0583,0.1027,19839000.0,Moderate
52,Male,Single,0,56700.0,36100.0,3136700.0,2314300.0,58,47700.0,Low,0.0697,0.0627,23061000.0,Conservative
40,Male,Single,0,54500.0,39600.0,1805900.0,5794100.0,60,37900.0,Medium,0.0523,0.0956,20682000.0,Aggressive
37,Female,Married,2,53000.0,25600.0,1254900.0,2581700.0,60,39100.0,Medium,0.0744,0.099,47059000.0,Moderate
26,Female,Married,2,96700.0,62200.0,2710800.0,1479600.0,55,78900.0,Low,0.0529,0.0815,87369000.0,Conservative
56,Female,Married,2,76700.0,56900.0,3324900.0,3977000.0,58,56000.0,Medium,0.0693,0.0925,16082000.0,Moderate
33,Male,Single,0,61500.0,45300.0,1805200.0,2573800.0,58,51500.0,High,0.0592,0.1168,35761000.0,Aggressive
46,Male,Married,2,81600.0,39300.0,3381500.0,8810300.0,62,65200.0,Low,0.0716,0.0642,50424000.0,Moderate
42,Female,Married,1,40300.0,17500.0,2415500.0,2646900.0,60,29100.0,High,0.0519,0.1257,10295000.0,Aggressive
57,Female,Married,3,77900.0,35200.0,7689400.0,2271800.0,60,58500.0,Low,0.0594,0.0657,18839000.0,Conservative
44,Male,Married,3,80000.0,51700.0,4753500.0,2623200.0,65,71200.0,Medium,0.0584,0.0931,41498000.0,Moderate
37,Male,Married,2,29700.0,19400.0,1098000.0,1416200.0,60,23700.0,Medium,0.0748,0.0858,33019000.0,Moderate
35,Male,Single,0,132900.0,84500.0,6932400.0,10845900.0,65,115800.0,Medium,0.0746,0.0994,186328000.0,Aggressive
52,Male,Married,2,43100.0,22300.0,2893100.0,1714000.0,58,28200.0,Low,0.0547,0.0758,9661000.0,Conservative
26,Female,Single,0,77200.0,35500.0,458500.0,2719700.0,58,57500.0,High,0.0657,0.1242,76561000.0,Aggressive
56,Male,Married,2,147100.0,88700.0,3028300.0,6880000.0,60,128400.0,High,0.0634,0.112,29080000.0,Aggressive
44,Male,Married,2,127400.0,72500.0,1557600.0,6231600.0,60,88800.0,Low,0.0539,0.073,49322000.0,Conservative
50,Male,Married,0,74700.0,48900.0,3679600.0,3744300.0,62,66500.0,High,0.0542,0.1116,19639000.0,Aggressive
32,Female,Single,0,58800.0,32600.0,2828900.0,1048500.0,60,37000.0,Medium,0.0747,0.0953,66792000.0,Moderate
39,Female,Married,0,129100.0,66900.0,3731000.0,12556400.0,58,112400.0,High,0.0613,0.121,56759000.0,Aggressive
33,Male,Married,0,109600.0,55100.0,2961300.0,6096100.0,60,80400.0,Low,0.0531,0.0716,79371000.0,Moderate
30,Male,Single,0,50500.0,23900.0,2364200.0,3742700.0,60,31400.0,High,0.0554,0.1227,22678000.0,Aggressive
31,Male,Married,0,45400.0,22400.0,2096200.0,878100.0,58,39200.0,Low,0.0567,0.07,46383000.0,Conservative
38,Female,Married,2,25000.0,10800.0,1264100.0,816000.0,60,16900.0,High,0.0628,0.1102,11291000.0,Aggressive
59,Female,Married,2,80200.0,41800.0,3058200.0,6819400.0,65,48700.0,Medium,0.0584,0.0977,11615000.0,Moderate
28,Female,Married,1,69600.0,28700.0,660200.0,4048000.0,62,44600.0,Medium,0.0614,0.0955,65543000.0,Aggressive
34,Male,Single,0,144600.0,67300.0,1130500.0,6246600.0,60,115400.0,Low,0.0542,0.0655,118613000.0,Conservative
30,Female,Married,2,90700.0,60000.0,952300.0,3785400.0,58,81000.0,High,0.0582,0.1122,69996000.0,Aggressive
48,Male,Single,0,162800.0,83700.0,5546500.0,11079100.0,55,103100.0,Medium,0.0518,0.1027,27880000.0,Moderate
23,Male,Married,2,48100.0,30500.0,520900.0,229200.0,60,35500.0,Medium,0.0722,0.1012,100494000.0,Moderate
26,Male,Married,1,144800.0,94300.0,875800.0,7873300.0,60,94700.0,Medium,0.055,0.0985,104667000.0,Aggressive
50,Female,Married,1,53200.0,32100.0,1176600.0,5919100.0,58,43800.0,High,0.0689,0.1166,13557000.0,Aggressive
58,Male,Single,1,116600.0,85800.0,3426100.0,20354800.0,58,74100.0,Medium,0.0587,0.0824,18095000.0,Aggressive
59,Female,Married,3,30500.0,12400.0,2247000.0,4654300.0,65,20500.0,Low,0.0619,0.0738,6310000.0,Moderate
40,Female,Married,0,84200.0,55400.0,4234100.0,6826900.0,62,55500.0,High,0.0573,0.1218,26929000.0,Aggressive
29,Male,Married,3,25000.0,18400.0,715200.0,399600.0,60,19100.0,Medium,0.0674,0.0931,31762000.0,Moderate
22,Male,Married,1,62300.0,43700.0,374300.0,1067800.0,58,53700.0,Medium,0.0711,0.1006,143672000.0,Moderate
43,Female,Married,2,95200.0,43700.0,3463000.0,3796500.0,58,71700.0,Low,0.0572,0.0742,44408000.0,Conservative
38,Male,Married,2,53500.0,27500.0,759100.0,3421400.0,58,33000.0,High,0.0561,0.1209,15787000.0,Aggressive
28,Female,Married,0,38900.0,17900.0,535800.0,1919500.0,60,29900.0,Low,0.067,0.0702,66978000.0,Moderate
46,Male,Single,0,121500.0,74200.0,9739900.0,16529100.0,58,102000.0,Medium,0.0549,0.0953,40162000.0,Aggressive
25,Female,Single,0,68700.0,44600.0,2103200.0,2400000.0,62,43900.0,High,0.066,0.1234,68535000.0,Aggressive
57,Female,Married,1,54500.0,27800.0,3986000.0,8177400.0,65,33900.0,Low,0.0524,0.0657,11355000.0,Moderate
27,Female,Married,3,75000.0,44200.0,2795500.0,1236900.0,58,49200.0,High,0.0655,0.1221,61033000.0,Aggressive
52,Female,Married,0,355800.0,228400.0,23938800.0,29066400.0,60,293100.0,Medium,0.0628,0.0904,104721000.0,Moderate
40,Male,Married,2,146100.0,80000.0,1568900.0,3264100.0,60,113600.0,Medium,0.0528,0.1017,54328000.0,Moderate
48,Male,Single,0,146900.0,102700.0,13444000.0,19535400.0,65,112000.0,Medium,0.0662,0.0977,58982000.0,Aggressive
31,Female,Married,0,95000.0,63700.0,1021200.0,8505500.0,62,64100.0,Medium,0.0612,0.0916,82283000.0,Aggressive
47,Female,Single,0,80800.0,34100.0,5220600.0,4911000.0,55,56500.0,Low,0.0554,0.0704,25842000.0,Conservative
40,Male,Single,1,25000.0,15400.0,641200.0,698100.0,58,22200.0,Low,0.0588,0.0657,18772000.0,Conservative
24,Male,Married,1,48700.0,23500.0,569700.0,993700.0,60,32700.0,High,0.0623,0.1275,42657000.0,Aggressive
34,Male,Single,0,54800.0,32600.0,2341600.0,5317300.0,60,47700.0,Low,0.0523,0.0781,38779000.0,Moderate
49,Male,Married,2,25000.0,18400.0,1167000.0,2735200.0,58,19400.0,High,0.0739,0.1235,6792000.0,Aggressive
41,Male,Single,0,36500.0,25800.0,956000.0,860500.0,60,23300.0,Low,0.0666,0.0778,21343000.0,Conservative
49,Male,Married,1,25000.0,13500.0,954900.0,4413200.0,60,18500.0,Medium,0.0526,0.0958,6027000.0,Aggressive
29,Female,Married,3,71500.0,35900.0,1412100.0,4878900.0,58,63200.0,High,0.0706,0.1238,84040000.0,Aggressive
22,Male,Single,1,119500.0,57600.0,2073200.0,704500.0,62,86700.0,Low,0.0581,0.0761,188090000.0,Conservative
24,Male,Married,3,142100.0,83300.0,2969700.0,5014000.0,55,122100.0,High,0.0649,0.12,155278000.0,Aggressive
34,Female,Married,1,93800.0,41300.0,3033800.0,5380400.0,60,63500.0,Medium,0.0569,0.0954,53262000.0,Moderate
49,Male,Married,2,41000.0,24300.0,1107200.0,3312200.0,60,31600.0,Medium,0.0683,0.0997,14269000.0,Moderate
46,Male,Single,0,25000.0,10000.0,1834200.0,2211900.0,58,21300.0,Medium,0.0681,0.0982,10117000.0,Aggressive
54,Male,Married,2,25500.0,13100.0,651300.0,4357600.0,60,22300.0,Medium,0.0638,0.0912,6845000.0,Aggressive
59,Male,Married,1,34200.0,16300.0,1116600.0,5226300.0,60,25500.0,Medium,0.056,0.0841,5794000.0,Aggressive
27,Male,Married,0,42900.0,31700.0,753600.0,484900.0,65,34000.0,Medium,0.0563,0.0941,50609000.0,Moderate
53,Female,Married,0,66400.0,43500.0,5946800.0,12543300.0,58,39900.0,Medium,0.0596,0.0845,12571000.0,Aggressive
42,Male,Married,0,39800.0,20800.0,731300.0,1501300.0,60,26900.0,Low,0.0536,0.065,17951000.0,Conservative
37,Female,Married,3,89600.0,38800.0,1372700.0,8827100.0,60,61300.0,High,0.0584,0.1156,37466000.0,Aggressive
42,Female,Married,2,63600.0,36900.0,2816900.0,6522200.0,60,39900.0,High,0.0671,0.1172,23072000.0,Aggressive
32,Male,Married,3,73600.0,34900.0,1494800.0,2087900.0,62,50300.0,Medium,0.0708,0.0991,80535000.0,Moderate
58,Female,Married,0,145000.0,85200.0,9656700.0,8411000.0,55,101000.0,Medium,0.0583,0.1002,23076000.0,Moderate
57,Male,Married,2,36000.0,24900.0,1965000.0,6730700.0,58,32100.0,Medium,0.0558,0.0975,6440000.0,Aggressive
56,Female,Married,2,94000.0,57900.0,4910700.0,9540200.0,60,75300.0,Medium,0.0708,0.0982,21255000.0,Moderate
40,Female,Married,1,72500.0,45100.0,1166300.0,7146100.0,58,52800.0,Medium,0.0723,0.0983,45219000.0,Aggressive
41,Male,Single,0,59900.0,35300.0,1111400.0,4938300.0,65,53700.0,High,0.0603,0.1075,34268000.0,Aggressive
39,Male,Married,3,124400.0,90100.0,7764100.0,12938500.0,60,80400.0,Low,0.0507,0.0701,52120000.0,Moderate
35,Male,Married,1,123900.0,90000.0,7225400.0,7819200.0,60,92000.0,Medium,0.0674,0.086,108858000.0,Aggressive
36,Male,Married,3,41400.0,24000.0,891500.0,1880200.0,62,32900.0,High,0.0696,0.1225,30024000.0,Aggressive
52,Male,Married,0,65600.0,33300.0,1370900.0,5550700.0,60,40500.0,Medium,0.0505,0.0845,12212000.0,Moderate
22,Female,Married,0,86600.0,48600.0,247200.0,1896500.0,60,70600.0,High,0.0649,0.1191,130748000.0,Aggressive
24,Female,Married,3,62100.0,28900.0,1030400.0,1251600.0,55,39100.0,Medium,0.0647,0.0977,62771000.0,Moderate
37,Female,Single,1,103900.0,64700.0,5410600.0,4060000.0,58,66700.0,Low,0.0595,0.0644,68628000.0,Conservative
44,Female,Married,2,86600.0,49800.0,3235300.0,13036800.0,58,56100.0,High,0.0687,0.1248,24046000.0,Aggressive
32,Female,Married,3,219600.0,95800.0,8940700.0,17944000.0,60,193000.0,Medium,0.0607,0.0975,206707000.0,Aggressive
33,Female,Married,2,29200.0,13700.0,1298400.0,520000.0,60,23500.0,Medium,0.0669,0.0969,31041000.0,Moderate
31,Female,Single,0,68000.0,38600.0,3461000.0,6347300.0,58,54200.0,Low,0.0629,0.0735,78735000.0,Moderate
53,Male,Married,2,42400.0,30100.0,717200.0,6086400.0,60,32500.0,High,0.0562,0.1182,7509000.0,Aggressive
37,Male,Single,1,105100.0,62900.0,2066500.0,3482500.0,58,72300.0,Medium,0.0652,0.0958,61504000.0,Moderate
29,Female,Single,0,27700.0,17700.0,226900.0,731600.0,65,21800.0,Low,0.0684,0.0701,54033000.0,Conservative
59,Female,Single,0,90000.0,46700.0,8697800.0,14323200.0,55,65100.0,Medium,0.0743,0.0949,19387000.0,Aggressive
33,Male,Single,1,50100.0,30100.0,2439500.0,4256500.0,62,32200.0,Medium,0.0595,0.0916,34331000.0,Aggressive
45,Male,Married,1,47100.0,26200.0,2528600.0,2552500.0,60,38000.0,Low,0.0516,0.0638,20657000.0,Conservative
49,Male,Married,3,30700.0,19400.0,532600.0,1919300.0,60,19600.0,Medium,0.0747,0.0933,10882000.0,Moderate
29,Male,Married,0,55300.0,23100.0,932400.0,1734100.0,58,36300.0,Medium,0.0656,0.093,53348000.0,Moderate
49,Female,Married,1,140200.0,80300.0,4927200.0,16364800.0,65,118500.0,Low,0.0737,0.0663,83215000.0,Moderate
57,Male,Single,1,72000.0,36300.0,4673600.0,4121000.0,58,57500.0,High,0.0526,0.1243,9516000.0,Aggressive
47,Female,Married,2,106600.0,54800.0,3266600.0,3892700.0,60,84100.0,Medium,0.0586,0.0891,37149000.0,Moderate
29,Female,Married,3,198500.0,146200.0,1663400.0,11442500.0,65,144000.0,Low,0.0533,0.0691,194181000.0,Moderate
49,Female,Married,2,85700.0,39800.0,6097300.0,12469900.0,62,61600.0,Medium,0.0709,0.1008,30406000.0,Aggressive
49,Male,Married,2,52300.0,26600.0,1844000.0,5297600.0,60,42200.0,Medium,0.072,0.0995,19814000.0,Aggressive
58,Male,Married,1,96800.0,56000.0,5365400.0,9145800.0,65,79600.0,High,0.0625,0.1261,17003000.0,Aggressive
57,Female,Single,0,52800.0,37100.0,1262800.0,5573900.0,60,39800.0,Low,0.0547,0.067,11772000.0,Conservative
48,Female,Married,2,54000.0,29500.0,4086400.0,4403200.0,58,48100.0,Medium,0.0532,0.0989,15505000.0,Moderate
38,Female,Single,0,29400.0,19400.0,1299300.0,3742700.0,60,26100.0,Low,0.0647,0.0647,27630000.0,Moderate
30,Male,Married,2,127500.0,89200.0,5923400.0,8834300.0,58,92300.0,High,0.0627,0.1186,83109000.0,Aggressive
54,Female,Married,1,58000.0,29500.0,3257200.0,3516200.0,58,49100.0,Medium,0.0674,0.0941,15694000.0,Moderate
41,Male,Married,2,81600.0,43900.0,6069000.0,5468000.0,60,62300.0,Medium,0.0576,0.0921,35290000.0,Moderate
34,Female,Single,0,39300.0,20600.0,2215000.0,2612600.0,60,29600.0,Medium,0.0601,0.0932,26156000.0,Aggressive
49,Female,Married,0,95000.0,65700.0,5540200.0,11314900.0,55,58600.0,High,0.0505,0.1175,12040000.0,Aggressive
50,Female,Single,1,46300.0,19200.0,4150800.0,4547000.0,62,35800.0,Medium,0.0653,0.0901,17033000.0,Aggressive
34,Male,Married,0,67200.0,34100.0,1669000.0,6214700.0,58,58500.0,High,0.0606,0.1243,35976000.0,Aggressive
56,Male,Single,0,123800.0,79000.0,5666900.0,20426100.0,65,103300.0,Low,0.073,0.0691,43101000.0,Moderate
27,Female,Single,0,117500.0,70300.0,716700.0,4355700.0,65,98200.0,Medium,0.066,0.096,193863000.0,Moderate
39,Male,Married,0,72200.0,39900.0,3401700.0,8614100.0,65,46800.0,High,0.06,0.1208,29661000.0,Aggressive
26,Female,Married,0,25300.0,14900.0,685700.0,1134800.0,62,17900.0,Medium,0.0566,0.0953,23635000.0,Aggressive
46,Male,Single,0,440500.0,206700.0,25000000.0,35000000.0,58,295100.0,Low,0.0726,0.0705,203994000.0,Conservative
23,Male,Single,0,208500.0,114800.0,916800.0,5012500.0,60,144900.0,High,0.0504,0.1185,138388000.0,Aggressive
31,Male,Married,3,112800.0,64900.0,3081700.0,3735900.0,58,87300.0,Low,0.0582,0.0771,98869000.0,Conservative
51,Female,Married,0,46500.0,33300.0,1209400.0,3116800.0,58,33000.0,Low,0.0736,0.0738,16353000.0,Conservative
26,Male,Married,3,68300.0,33600.0,1720300.0,3539500.0,60,52500.0,Medium,0.0664,0.0951,101877000.0,Aggressive
54,Male,Single,0,52800.0,37200.0,1352200.0,8443300.0,55,38600.0,Medium,0.0633,0.0928,9656000.0,Aggressive
22,Female,Married,0,156100.0,97600.0,2570400.0,3650200.0,65,107100.0,High,0.0551,0.1194,148891000.0,Aggressive
39,Female,Single,0,85600.0,34800.0,2008300.0,2056300.0,65,53800.0,Medium,0.0708,0.0971,59198000.0,Moderate
53,Female,Single,0,45700.0,29900.0,1695200.0,6030000.0,58,39600.0,Medium,0.0551,0.1025,9717000.0,Aggressive
32,Female,Married,3,55100.0,22700.0,2720700.0,1356000.0,60,33200.0,Medium,0.0562,0.0881,31889000.0,Moderate
42,Male,Married,0,143300.0,107300.0,5982700.0,12179900.0,60,86100.0,Medium,0.0548,0.0983,39057000.0,Aggressive
47,Male,Single,0,191000.0,134700.0,2276700.0,8467700.0,62,162000.0,High,0.054,0.1256,50949000.0,Aggressive
46,Male,Single,0,183000.0,92200.0,8887500.0,7166900.0,60,164500.0,High,0.0738,0.1126,92597000.0,Aggressive
43,Male,Single,0,115200.0,56500.0,1769900.0,2339000.0,58,94200.0,Medium,0.0651,0.0941,54797000.0,Moderate
48,Male,Married,1,62800.0,33500.0,5688800.0,7480600.0,60,38000.0,Low,0.0659,0.0647,22387000.0,Moderate
34,Female,Married,3,25000.0,13100.0,988100.0,1210100.0,60,16700.0,High,0.0739,0.1222,19812000.0,Aggressive
54,Male,Single,0,87400.0,46300.0,3018100.0,3715600.0,65,77900.0,Low,0.0558,0.0682,31805000.0,Conservative
55,Male,Single,1,73100.0,37400.0,4627400.0,6018000.0,58,61600.0,Low,0.0501,0.0693,18023000.0,Conservative
56,Male,Married,1,79500.0,49100.0,1497200.0,4430100.0,55,61200.0,Low,0.065,0.0679,21596000.0,Conservative
22,Female,Married,1,75500.0,34500.0,1117300.0,1790700.0,62,50700.0,Low,0.0627,0.0736,140938000.0,Conservative
42,Female,Married,0,33000.0,23000.0,2480100.0,1999300.0,62,19900.0,High,0.0619,0.1211,9648000.0,Aggressive
27,Male,Single,0,102200.0,69900.0,3654400.0,2777500.0,62,62000.0,Medium,0.0515,0.0962,62136000.0,Moderate
49,Female,Single,0,106900.0,60600.0,4148300.0,16587000.0,60,83800.0,High,0.0614,0.1208,27040000.0,Aggressive
38,Female,Married,3,110100.0,76900.0,3176300.0,10024500.0,60,66800.0,Low,0.0572,0.0729,56287000.0,Moderate
26,Female,Married,3,129000.0,62800.0,660800.0,5519400.0,60,115900.0,Medium,0.0569,0.0937,145841000.0,Aggressive
52,Female,Single,1,105100.0,42700.0,7151000.0,13744200.0,55,68800.0,High,0.0556,0.1285,12339000.0,Aggressive
26,Female,Married,1,57200.0,35300.0,1207900.0,3129700.0,60,46500.0,High,0.0583,0.1138,51660000.0,Aggressive
59,Female,Single,0,70100.0,39300.0,3986700.0,4621900.0,55,45300.0,Medium,0.0588,0.0864,11862000.0,Moderate
24,Female,Married,1,77200.0,46200.0,1803800.0,2897100.0,58,58800.0,Low,0.0577,0.061,115257000.0,Moderate
44,Male,Single,0,78000.0,55800.0,1714400.0,10605700.0,65,48700.0,High,0.0745,0.1096,37138000.0,Aggressive
58,Male,Single,0,133100.0,98400.0,1720700.0,18235700.0,58,110500.0,Medium,0.0733,0.0984,28898000.0,Aggressive
58,Female,Married,2,107600.0,66900.0,2048500.0,16233800.0,65,83400.0,Medium,0.0644,0.0978,22830000.0,Aggressive
31,Male,Married,2,254300.0,169700.0,4252400.0,16416800.0,58,159200.0,Medium,0.0745,0.101,253933000.0,Aggressive
31,Male,Married,1,274800.0,118000.0,2087800.0,4400300.0,58,234800.0,Medium,0.0748,0.0897,443624000.0,Moderate
40,Female,Married,2,76700.0,35000.0,3268900.0,3387300.0,60,58600.0,Medium,0.0589,0.0987,34749000.0,Moderate
38,Male,Single,0,25000.0,16400.0,702500.0,3186900.0,60,21900.0,Medium,0.0611,0.0953,16090000.0,Aggressive
42,Female,Married,0,153600.0,84600.0,3357500.0,13676600.0,60,134400.0,Low,0.074,0.0708,141402000.0,Moderate
35,Female,Single,0,52900.0,29400.0,2670500.0,2791300.0,62,46300.0,Medium,0.0652,0.0981,51005000.0,Moderate
30,Female,Married,2,45200.0,23000.0,673900.0,3110900.0,55,28200.0,Medium,0.0553,0.0912,24199000.0,Aggressive
22,Male,Married,3,57600.0,35300.0,748900.0,837500.0,65,36700.0,Low,0.0672,0.0829,124987000.0,Conservative
34,Male,Married,1,55900.0,26000.0,1469400.0,816700.0,58,50100.0,Medium,0.0551,0.1017,34017000.0,Moderate
25,Male,Single,0,105600.0,65400.0,1863700.0,3919000.0,62,78800.0,Low,0.0585,0.0673,163790000.0,Moderate
22,Male,Married,2,28700.0,13200.0,486200.0,548400.0,60,19300.0,Medium,0.0557,0.0895,30163000.0,Moderate
53,Female,Married,1,38300.0,16200.0,553900.0,1994100.0,62,31800.0,High,0.0561,0.1196,7869000.0,Aggressive
55,Female,Married,0,89800.0,46300.0,5160800.0,17596900.0,60,61000.0,Low,0.0501,0.0709,18486000.0,Moderate
49,Male,Single,0,106300.0,51100.0,8655800.0,6087000.0,58,87000.0,Medium,0.072,0.1003,37057000.0,Moderate
52,Female,Single,0,107500.0,76400.0,6716800.0,10813700.0,65,91500.0,Medium,0.0574,0.0892,33244000.0,Moderate
29,Female,Married,2,45600.0,19100.0,775700.0,809600.0,58,38100.0,Low,0.0522,0.0714,43316000.0,Conservative
47,Male,Married,1,40700.0,18800.0,1701800.0,4568800.0,58,27800.0,High,0.0522,0.1124,7896000.0,Aggressive
55,Female,Single,1,54000.0,32000.0,3996800.0,4954900.0,62,38900.0,Medium,0.0639,0.0972,11441000.0,Moderate
24,Male,Married,2,84500.0,48000.0,1942200.0,1379400.0,58,61200.0,High,0.0748,0.1195,135486000.0,Aggressive
33,Female,Single,0,178300.0,74200.0,1571300.0,15929000.0,58,133300.0,Low,0.0536,0.0797,117960000.0,Moderate
22,Male,Married,1,25000.0,10100.0,78600.0,80300.0,60,16300.0,Low,0.0525,0.0623,28896000.0,Conservative
26,Female,Single,0,64100.0,47800.0,923100.0,3027000.0,62,47200.0,Medium,0.061,0.1019,71088000.0,Aggressive
51,Female,Single,0,32900.0,20700.0,1014200.0,3863500.0,58,24800.0,Medium,0.0641,0.0865,9696000.0,Aggressive
51,Male,Married,3,27100.0,14300.0,910500.0,5046600.0,60,20600.0,High,0.0574,0.1134,5560000.0,Aggressive
38,Male,Single,0,130600.0,73700.0,2894300.0,11006700.0,60,110500.0,Low,0.0576,0.0616,107370000.0,Moderate
44,Male,Married,1,101400.0,50000.0,2441400.0,2733000.0,62,76600.0,Medium,0.0606,0.0963,43374000.0,Moderate
36,Male,Married,2,95800.0,49900.0,1466100.0,1920100.0,65,64100.0,Low,0.0579,0.0641,75885000.0,Conservative
58,Female,Single,0,127100.0,79700.0,12920900.0,24476200.0,60,101500.0,High,0.0729,0.1133,22164000.0,Aggressive
42,Female,Married,2,54800.0,38900.0,1055500.0,7111700.0,60,46000.0,High,0.051,0.121,16198000.0,Aggressive
35,Male,Married,3,56400.0,26200.0,1071800.0,2788300.0,60,39200.0,Medium,0.0559,0.0973,29628000.0,Moderate
23,Female,Single,0,271400.0,188400.0,1612200.0,4504300.0,58,215400.0,Low,0.0702,0.0702,720002000.0,Conservative
32,Male,Married,1,63100.0,27900.0,3377900.0,3459400.0,60,40600.0,Medium,0.0708,0.0942,63153000.0,Aggressive
59,Male,Married,2,113700.0,54000.0,9745800.0,24092800.0,65,79900.0,Low,0.0528,0.0791,20312000.0,Aggressive
55,Female,Married,3,73400.0,30300.0,6170900.0,14295100.0,60,64100.0,Low,0.0743,0.0707,26019000.0,Moderate
59,Female,Single,0,25000.0,11200.0,559000.0,5377500.0,55,21800.0,Medium,0.0673,0.099,5720000.0,Aggressive
55,Male,Single,0,25000.0,18000.0,2208900.0,4494600.0,60,19300.0,High,0.0568,0.1207,4010000.0,Aggressive
39,Male,Single,0,51700.0,29000.0,1818500.0,6511500.0,60,41900.0,High,0.0614,0.1145,25274000.0,Aggressive
51,Male,Married,0,137800.0,58900.0,4604700.0,8084900.0,60,118000.0,Medium,0.0574,0.0977,36091000.0,Moderate
36,Female,Married,2,117400.0,86400.0,4925100.0,12172000.0,60,104200.0,Medium,0.0538,0.0917,71007000.0,Aggressive
48,Female,Married,3,126600.0,89600.0,9783000.0,16626900.0,60,94600.0,High,0.0573,0.1195,28423000.0,Aggressive
55,Female,Single,0,40400.0,26800.0,3355500.0,7961000.0,58,31000.0,Medium,0.0645,0.0965,8565000.0,Aggressive
59,Female,Single,0,192800.0,140100.0,19045500.0,26197200.0,65,139700.0,Medium,0.0706,0.0853,43607000.0,Aggressive
54,Male,Married,2,41000.0,19600.0,3908100.0,1598600.0,60,25500.0,High,0.0591,0.112,6320000.0,Aggressive
45,Male,Married,2,83100.0,57600.0,2315500.0,8802700.0,58,60400.0,Low,0.0587,0.0745,33012000.0,Moderate
36,Male,Single,0,72700.0,46600.0,2388800.0,6412200.0,58,60900.0,Low,0.0617,0.0667,67727000.0,Moderate
51,Male,Married,2,65900.0,46400.0,792800.0,3899700.0,65,55500.0,Medium,0.0661,0.0919,26004000.0,Moderate
38,Male,Single,0,163300.0,110900.0,10496400.0,10058800.0,62,141700.0,Low,0.0688,0.0708,190507000.0,Conservative
26,Male,Married,1,47900.0,25000.0,428500.0,1779100.0,60,29500.0,Medium,0.0582,0.0931,40521000.0,Moderate
50,Female,Married,1,32500.0,21800.0,2714400.0,2695100.0,55,24600.0,Medium,0.0647,0.0971,7263000.0,Moderate
25,Female,Single,1,74000.0,36400.0,931800.0,1609200.0,55,46800.0,Medium,0.0597,0.0947,57522000.0,Moderate
31,Male,Single,0,57500.0,29600.0,1361000.0,1273800.0,58,38000.0,High,0.0679,0.121,39833000.0,Aggressive
38,Male,Married,3,500000.0,218900.0,5252200.0,35000000.0,60,435000.0,Low,0.0541,0.0665,342893000.0,Moderate
31,Female,Single,0,109700.0,79800.0,2379400.0,7998900.0,60,82200.0,Medium,0.0564,0.096,75776000.0,Aggressive
38,Female,Married,1,57200.0,28700.0,3709700.0,914000.0,60,47300.0,Low,0.0607,0.0755,43482000.0,Conservative
41,Female,Married,2,38800.0,22600.0,407400.0,4505100.0,60,24000.0,Medium,0.0722,0.0922,19933000.0,Aggressive
45,Female,Married,0,25000.0,13400.0,1019300.0,3162100.0,55,18100.0,Medium,0.0643,0.0996,7544000.0,Aggressive
26,Male,Married,2,39500.0,29100.0,197700.0,291700.0,58,31700.0,Medium,0.0741,0.0947,75726000.0,Moderate
55,Male,Married,1,78400.0,40600.0,3573600.0,7111600.0,58,50200.0,Low,0.0526,0.0737,13886000.0,Conservative
27,Male,Single,0,172200.0,115800.0,1833700.0,7394200.0,58,120200.0,Medium,0.0615,0.0956,159993000.0,Aggressive
23,Male,Married,3,143300.0,100200.0,864900.0,1857200.0,55,88800.0,Medium,0.0605,0.0948,128347000.0,Moderate
34,Male,Married,1,83900.0,46400.0,4662300.0,7495600.0,60,66700.0,Low,0.065,0.0717,96223000.0,Moderate
32,Female,Married,3,60200.0,32000.0,1708900.0,2962200.0,62,53700.0,Medium,0.0703,0.1011,85368000.0,Moderate
44,Male,Single,1,85900.0,56800.0,2570900.0,3504300.0,60,72900.0,Medium,0.071,0.0962,48640000.0,Moderate
37,Female,Single,1,53600.0,38600.0,2372700.0,6662700.0,62,47800.0,High,0.0668,0.1224,37461000.0,Aggressive
52,Male,Married,1,205100.0,136200.0,4801000.0,13140600.0,60,175100.0,High,0.066,0.1182,49328000.0,Aggressive
32,Male,Single,0,65300.0,31300.0,1270000.0,4884500.0,60,55900.0,Medium,0.0737,0.1029,85467000.0,Aggressive
37,Male,Married,3,69400.0,49300.0,2886700.0,2167000.0,58,53700.0,High,0.0596,0.1232,27588000.0,Aggressive
29,Male,Married,1,25000.0,13400.0,383700.0,822700.0,65,18900.0,Medium,0.0708,0.0954,40247000.0,Moderate
25,Male,Married,1,65000.0,39100.0,1448500.0,1598900.0,58,46900.0,High,0.073,0.1194,87202000.0,Aggressive
25,Female,Married,0,120800.0,83500.0,2063800.0,1688200.0,58,102100.0,Low,0.0623,0.0749,217001000.0,Conservative
46,Female,Married,1,38500.0,17900.0,2706900.0,3343100.0,58,25200.0,Medium,0.0682,0.092,13168000.0,Aggressive
24,Female,Married,2,46600.0,31400.0,1131700.0,456100.0,65,28700.0,Medium,0.0594,0.0861,52116000.0,Moderate
53,Male,Single,0,117700.0,71600.0,2524900.0,14132900.0,65,104100.0,Medium,0.054,0.0954,31543000.0,Aggressive
24,Male,Married,3,30200.0,21500.0,314100.0,805700.0,60,18200.0,Low,0.0647,0.076,43382000.0,Conservative
48,Female,Married,3,138000.0,63500.0,5005000.0,4262800.0,60,123200.0,Medium,0.0549,0.103,41478000.0,Moderate
50,Male,Married,3,53100.0,29100.0,1241600.0,8690700.0,60,43500.0,Medium,0.0614,0.0945,16274000.0,Aggressive
53,Male,Married,3,57900.0,40000.0,4824300.0,3214400.0,65,40400.0,Low,0.0718,0.0702,21195000.0,Conservative
40,Female,Single,0,37300.0,15200.0,2240500.0,1681400.0,60,30200.0,Medium,0.0522,0.0976,15115000.0,Moderate
42,Male,Married,0,91800.0,40300.0,4003100.0,9721400.0,65,77600.0,Medium,0.0508,0.0937,38792000.0,Aggressive
26,Female,Married,3,320000.0,238900.0,6786800.0,9786900.0,58,215600.0,High,0.0652,0.1226,262175000.0,Aggressive
39,Male,Single,0,116900.0,58200.0,1423200.0,8949500.0,58,97200.0,Medium,0.0583,0.0946,59493000.0,Aggressive
49,Female,Married,1,43500.0,32300.0,2461100.0,1828900.0,62,36600.0,High,0.0604,0.1251,11845000.0,Aggressive
43,Male,Married,1,144500.0,67000.0,9708600.0,18608800.0,58,97500.0,High,0.0601,0.1236,39187000.0,Aggressive
42,Male,Married,3,60500.0,31800.0,3025200.0,6051100.0,65,37100.0,Medium,0.0522,0.0991,18588000.0,Aggressive
27,Female,Married,1,166800.0,110700.0,2329200.0,2619200.0,60,110300.0,Medium,0.0501,0.094,101411000.0,Moderate
22,Male,Married,0,118700.0,74800.0,1505200.0,1332800.0,65,78400.0,Low,0.0725,0.0796,360857000.0,Conservative
26,Male,Single,0,25000.0,15100.0,389200.0,1196300.0,58,15500.0,High,0.0554,0.1224,13949000.0,Aggressive
33,Female,Married,1,40000.0,23400.0,1421900.0,2614200.0,60,32700.0,Low,0.0607,0.0712,41764000.0,Moderate
47,Male,Single,0,128900.0,89600.0,6316800.0,4793200.0,60,92000.0,Medium,0.0743,0.0912,58763000.0,Moderate
55,Female,Married,0,80100.0,38600.0,3726600.0,7311400.0,60,69300.0,Medium,0.0707,0.0945,21696000.0,Moderate
35,Male,Married,0,39600.0,22000.0,1927800.0,1538800.0,60,26800.0,High,0.0527,0.1206,14374000.0,Aggressive
47,Male,Single,0,50000.0,22700.0,4035500.0,4961600.0,65,36800.0,Medium,0.0627,0.0911,20843000.0,Aggressive
48,Male,Single,0,25000.0,15200.0,265600.0,3805800.0,60,19800.0,High,0.0683,0.1185,7322000.0,Aggressive
30,Male,Married,2,69400.0,33800.0,3324800.0,3044500.0,58,59900.0,Low,0.0675,0.0692,110897000.0,Conservative
47,Female,Single,0,275500.0,142400.0,14028800.0,23820900.0,65,208700.0,Low,0.069,0.0703,162625000.0,Conservative
43,Male,Married,1,118500.0,66900.0,7174400.0,16874100.0,58,84400.0,Medium,0.0614,0.0862,50128000.0,Aggressive
51,Female,Single,0,272200.0,111400.0,22999000.0,32178400.0,58,234100.0,High,0.0544,0.1193,54577000.0,Aggressive
38,Male,Single,0,124200.0,53700.0,4706500.0,10132000.0,58,86100.0,Medium,0.0616,0.0931,64465000.0,Aggressive
47,Male,Married,0,135500.0,86700.0,10406100.0,8190400.0,62,84500.0,High,0.0662,0.1199,35287000.0,Aggressive
57,Male,Married,1,239100.0,131500.0,6849100.0,33042000.0,58,175400.0,High,0.0652,0.1252,32780000.0,Aggressive
22,Male,Married,3,91700.0,64400.0,416900.0,1436900.0,58,76600.0,High,0.0518,0.1303,65188000.0,Aggressive
29,Female,Single,0,65400.0,42100.0,2166300.0,2465800.0,65,39800.0,Medium,0.0516,0.0984,34712000.0,Moderate
56,Female,Married,1,135900.0,54700.0,12617200.0,27956100.0,62,105400.0,Medium,0.0741,0.0888,37787000.0,Aggressive
36,Female,Married,1,175000.0,107800.0,10659200.0,19098300.0,58,136200.0,Low,0.0538,0.0683,114469000.0,Moderate
43,Female,Married,3,54800.0,23700.0,3088800.0,6636600.0,60,48100.0,High,0.0574,0.123,19123000.0,Aggressive
35,Male,Married,0,47400.0,31900.0,1778700.0,3273700.0,65,32500.0,High,0.0692,0.1224,35744000.0,Aggressive
47,Female,Married,2,79500.0,59400.0,2902700.0,7220400.0,55,54400.0,Medium,0.0602,0.0999,19212000.0,Aggressive
49,Female,Married,1,120400.0,70500.0,11060900.0,6147900.0,62,88200.0,Low,0.0545,0.0695,41860000.0,Conservative
44,Male,Single,0,118000.0,75400.0,3938000.0,7333000.0,60,83400.0,Low,0.0617,0.0682,58467000.0,Conservative
35,Male,Married,3,31100.0,15000.0,1559400.0,2902300.0,60,25500.0,High,0.0642,0.1288,18353000.0,Aggressive
45,Male,Single,0,230300.0,127400.0,11610000.0,19619500.0,60,182500.0,Low,0.0613,0.0703,117250000.0,Moderate
23,Male,Married,0,49800.0,34800.0,584500.0,1116000.0,60,41200.0,High,0.073,0.1149,106218000.0,Aggressive
47,Female,Single,1,62400.0,28600.0,2588300.0,2692200.0,55,52800.0,Medium,0.0571,0.1024,16130000.0,Moderate
35,Female,Married,0,42500.0,20900.0,2672000.0,2808900.0,60,37300.0,Medium,0.0665,0.0875,43997000.0,Aggressive
28,Male,Married,3,369200.0,205200.0,10080700.0,18643200.0,55,269300.0,High,0.0528,0.1025,204120000.0,Aggressive
24,Male,Single,0,84600.0,54900.0,2034500.0,1842700.0,60,75800.0,Low,0.0598,0.0738,155103000.0,Conservative
44,Male,Single,0,43900.0,23300.0,436800.0,6328700.0,58,29200.0,Medium,0.0685,0.0996,17440000.0,Aggressive
39,Female,Single,0,122800.0,89000.0,5651900.0,16649500.0,62,100000.0,High,0.0556,0.1221,49403000.0,Aggressive
59,Female,Married,3,116000.0,50200.0,9508000.0,5617500.0,58,88200.0,Medium,0.0647,0.0885,21359000.0,Moderate
56,Male,Married,0,65300.0,34600.0,5300700.0,3174100.0,60,55200.0,High,0.0538,0.1197,10511000.0,Aggressive
36,Male,Single,0,121100.0,78500.0,7467200.0,3461400.0,60,90000.0,High,0.0526,0.1186,47399000.0,Aggressive
46,Female,Married,0,44600.0,21400.0,452400.0,5400000.0,60,37200.0,Low,0.0631,0.0673,23181000.0,Moderate
58,Male,Single,0,54400.0,34300.0,654500.0,5230600.0,60,47800.0,Low,0.0669,0.0771,14155000.0,Conservative
49,Male,Married,2,25000.0,11400.0,1241400.0,3455700.0,60,20500.0,Medium,0.0528,0.0898,7230000.0,Aggressive
31,Female,Married,3,33000.0,13800.0,244400.0,1470100.0,55,27500.0,Medium,0.0729,0.0966,39562000.0,Moderate
38,Male,Single,0,216300.0,95700.0,15221000.0,19187900.0,58,134100.0,Medium,0.0556,0.101,75109000.0,Aggressive
43,Female,Married,1,195800.0,142100.0,4982600.0,24255000.0,60,129500.0,High,0.053,0.1219,45444000.0,Aggressive
47,Male,Single,0,76100.0,45100.0,3638600.0,7906700.0,65,67900.0,Low,0.0551,0.0762,33970000.0,Moderate
46,Male,Single,0,198300.0,134600.0,2893200.0,19848800.0,55,160200.0,Medium,0.0542,0.0978,48828000.0,Aggressive
38,Female,Single,1,66400.0,34300.0,2749700.0,1731700.0,55,51000.0,Low,0.0523,0.0721,35125000.0,Conservative
34,Female,Single,0,63200.0,38400.0,1768800.0,3378700.0,58,44900.0,Low,0.0699,0.0718,66784000.0,Conservative
41,Male,Married,0,75700.0,43400.0,895700.0,6647300.0,60,46400.0,Medium,0.0624,0.0981,29585000.0,Aggressive
46,Female,Married,0,67800.0,49600.0,2445300.0,6008000.0,58,48200.0,High,0.0597,0.1181,16034000.0,Aggressive
25,Male,Married,3,64300.0,42500.0,920300.0,2836300.0,62,48200.0,Low,0.0738,0.0635,179221000.0,Moderate
31,Male,Single,0,145200.0,95200.0,7770600.0,12450200.0,55,96300.0,Medium,0.0593,0.0998,81611000.0,Aggressive
24,Female,Single,0,80000.0,33300.0,602600.0,2556400.0,58,52200.0,Medium,0.0542,0.1008,58945000.0,Moderate
39,Male,Married,1,112100.0,66400.0,4953200.0,6906900.0,58,84400.0,Low,0.0569,0.0713,59906000.0,Conservative
57,Male,Married,3,135800.0,76500.0,14298200.0,21530300.0,60,105300.0,Medium,0.056,0.0923,24076000.0,Aggressive
43,Female,Single,0,92300.0,66900.0,6206000.0,6707900.0,60,62000.0,High,0.0625,0.1122,31013000.0,Aggressive
55,Female,Married,0,40900.0,20000.0,4204200.0,2705400.0,58,31700.0,Medium,0.0573,0.0954,7827000.0,Moderate
29,Male,Married,2,32500.0,16100.0,1504100.0,1101400.0,65,28300.0,Low,0.0629,0.0633,56312000.0,Conservative
40,Female,Married,3,80000.0,43500.0,3337300.0,2067000.0,58,59400.0,Medium,0.0667,0.0876,45252000.0,Moderate
58,Female,Married,1,66000.0,32000.0,5204200.0,5836100.0,60,56600.0,Medium,0.0694,0.0949,14564000.0,Moderate
27,Female,Single,0,77100.0,34300.0,649400.0,2660200.0,60,67700.0,Low,0.0678,0.0662,151271000.0,Conservative
47,Female,Single,0,72400.0,50700.0,3279100.0,11997400.0,58,45400.0,Low,0.0551,0.0717,20756000.0,Moderate
55,Male,Married,3,344600.0,205200.0,25000000.0,27786900.0,62,216700.0,Low,0.0529,0.0692,75506000.0,Conservative
27,Male,Single,0,32900.0,23100.0,741900.0,1974900.0,62,24400.0,Low,0.0636,0.067,57235000.0,Moderate
58,Male,Married,3,25000.0,17300.0,1986500.0,1724700.0,58,19400.0,Low,0.055,0.0615,6181000.0,Conservative
54,Female,Married,0,89300.0,44500.0,7037900.0,5144600.0,60,65000.0,Medium,0.0521,0.0907,17278000.0,Moderate
43,Female,Single,0,58300.0,34500.0,1617800.0,5222800.0,58,40700.0,Medium,0.0632,0.0909,22138000.0,Aggressive
42,Female,Married,1,88400.0,37900.0,6329800.0,9492400.0,60,70000.0,High,0.0582,0.1139,31198000.0,Aggressive
27,Female,Single,0,103800.0,74800.0,2171800.0,1083800.0,58,62300.0,Medium,0.0689,0.0934,116807000.0,Moderate
27,Female,Married,1,158000.0,85600.0,1894700.0,3263300.0,62,140700.0,High,0.0579,0.1143,154661000.0,Aggressive
25,Female,Married,0,29600.0,15900.0,812400.0,745300.0,58,19800.0,Medium,0.0745,0.0942,53188000.0,Moderate
51,Female,Married,2,52400.0,26500.0,2450800.0,4063000.0,55,45900.0,Low,0.069,0.0712,20768000.0,Conservative
32,Male,Married,3,94600.0,53100.0,4189600.0,7034200.0,58,59900.0,Medium,0.0514,0.0909,43769000.0,Aggressive
51,Male,Married,0,116100.0,56700.0,6732700.0,12472400.0,58,78000.0,High,0.0627,0.1221,19530000.0,Aggressive
52,Female,Married,0,272700.0,144900.0,12113300.0,13700300.0,60,182800.0,Low,0.0641,0.0632,86397000.0,Conservative
45,Female,Married,2,129800.0,88300.0,9311400.0,19316200.0,58,116700.0,Low,0.0674,0.0644,78864000.0,Moderate
30,Female,Single,0,70700.0,48900.0,2270000.0,2325000.0,60,42500.0,Medium,0.0624,0.0944,53214000.0,Moderate
24,Male,Single,0,42900.0,21700.0,500500.0,1241000.0,58,34000.0,Medium,0.0621,0.0984,53944000.0,Moderate
52,Male,Single,0,52100.0,29400.0,1071100.0,8082800.0,60,44900.0,Medium,0.0592,0.0993,13659000.0,Aggressive
58,Female,Single,0,51200.0,36100.0,5015700.0,10633500.0,60,41000.0,Low,0.0568,0.0781,10600000.0,Aggressive
57,Female,Married,1,108400.0,45400.0,1646600.0,12781400.0,65,76800.0,Low,0.0737,0.0681,30607000.0,Moderate
45,Male,Married,2,85300.0,60700.0,6468000.0,9262800.0,65,75700.0,Medium,0.0579,0.0944,39234000.0,Aggressive
52,Male,Married,1,33100.0,15800.0,1406700.0,2641000.0,62,28700.0,Medium,0.0516,0.0898,8491000.0,Moderate
27,Male,Single,0,56300.0,35900.0,1539600.0,2649900.0,60,41100.0,Medium,0.0542,0.0887,48379000.0,Aggressive
23,Male,Married,2,123800.0,74800.0,2074300.0,1633500.0,58,95600.0,Medium,0.0714,0.0961,253239000.0,Moderate
41,Female,Single,0,90300.0,53600.0,1742600.0,6672500.0,60,80400.0,Medium,0.0647,0.0911,59653000.0,Moderate
49,Male,Married,3,102900.0,72100.0,5919600.0,16221600.0,65,92100.0,Low,0.0695,0.0762,58650000.0,Moderate
32,Male,Married,0,92000.0,40100.0,4140200.0,1503000.0,55,67600.0,Medium,0.0702,0.0877,89256000.0,Moderate
25,Female,Single,0,194000.0,101200.0,4745000.0,8402000.0,60,165700.0,Low,0.0706,0.0724,503914000.0,Moderate
36,Male,Single,0,84300.0,49600.0,3283600.0,8930500.0,58,58200.0,Medium,0.0638,0.09,52992000.0,Aggressive
27,Male,Single,0,58000.0,39700.0,1555800.0,2154100.0,60,41300.0,Medium,0.0544,0.0909,48234000.0,Moderate
51,Male,Married,0,42200.0,20100.0,3208900.0,4386700.0,60,27400.0,Low,0.0537,0.0727,10386000.0,Moderate
59,Female,Married,2,84900.0,57800.0,7982100.0,8121400.0,60,56300.0,Low,0.0643,0.0666,17237000.0,Conservative
23,Male,Married,0,25000.0,13500.0,354700.0,621800.0,60,19900.0,Low,0.0592,0.0674,45844000.0,Conservative
36,Female,Single,1,65500.0,30500.0,1878300.0,1737700.0,65,49300.0,Low,0.064,0.0659,67582000.0,Conservative
32,Female,Married,2,64600.0,43000.0,3666400.0,4110900.0,60,43200.0,Medium,0.0625,0.1039,43360000.0,Aggressive
29,Male,Married,1,32300.0,13900.0,765000.0,1868400.0,62,23300.0,High,0.0651,0.1169,31254000.0,Aggressive
47,Male,Married,3,41900.0,24300.0,501000.0,6808700.0,58,29800.0,Medium,0.0508,0.0953,9544000.0,Aggressive
26,Male,Single,0,118900.0,50200.0,1855300.0,5508100.0,60,106600.0,Medium,0.0508,0.094,106518000.0,Aggressive
27,Male,Single,1,84000.0,44100.0,759700.0,3787000.0,60,71900.0,Medium,0.068,0.0961,137294000.0,Aggressive
47,Female,Married,1,77700.0,47400.0,1531900.0,2985600.0,58,55700.0,Medium,0.0548,0.0919,20614000.0,Moderate
25,Male,Married,0,87900.0,52300.0,990300.0,1906900.0,58,76800.0,High,0.0663,0.119,111649000.0,Aggressive
40,Male,Single,0,77300.0,41900.0,936000.0,2651100.0,60,54300.0,High,0.0637,0.122,29347000.0,Aggressive
41,Male,Single,0,154200.0,84800.0,8748700.0,20198800.0,60,123400.0,High,0.0745,0.1157,87864000.0,Aggressive
54,Female,Married,2,78800.0,37800.0,1419200.0,12287500.0,60,70100.0,High,0.0709,0.1254,18458000.0,Aggressive
41,Male,Married,1,30500.0,17100.0,698300.0,3509700.0,58,21900.0,Low,0.0603,0.0759,15525000.0,Moderate
33,Male,Married,1,194500.0,142700.0,2249000.0,14224800.0,58,156400.0,Medium,0.0654,0.098,165796000.0,Aggressive
22,Female,Married,2,91300.0,63700.0,274900.0,1292300.0,60,62900.0,High,0.0529,0.1203,65689000.0,Aggressive
47,Female,Married,3,51400.0,23200.0,1615000.0,2233700.0,58,34900.0,Medium,0.0597,0.08,17106000.0,Moderate
35,Male,Single,0,34500.0,14200.0,1387000.0,1648300.0,58,26600.0,High,0.0683,0.1221,22544000.0,Aggressive
59,Male,Married,3,92700.0,67400.0,9831100.0,4864400.0,55,82900.0,Low,0.0656,0.068,29604000.0,Conservative
58,Male,Married,2,68200.0,39900.0,6550800.0,11095100.0,55,50200.0,Medium,0.0621,0.0938,12513000.0,Aggressive
32,Male,Married,0,188100.0,110600.0,9526100.0,4886200.0,58,165800.0,High,0.0544,0.1105,107939000.0,Aggressive
57,Male,Married,1,59400.0,40000.0,1692800.0,9250000.0,55,51900.0,Medium,0.0701,0.0975,13239000.0,Aggressive
34,Female,Single,0,44200.0,22500.0,955200.0,3578600.0,58,29900.0,Medium,0.0568,0.0878,23665000.0,Aggressive
24,Female,Single,0,125200.0,71200.0,570500.0,2486800.0,60,90200.0,Low,0.0705,0.0706,287906000.0,Conservative
54,Male,Single,0,127400.0,94200.0,10417800.0,6089800.0,55,101000.0,Medium,0.0653,0.0995,23078000.0,Moderate
27,Male,Single,0,80900.0,51400.0,563900.0,2109100.0,60,61100.0,High,0.0593,0.1177,67951000.0,Aggressive
31,Female,Single,0,109700.0,49800.0,3589500.0,4116900.0,65,69000.0,Medium,0.051,0.1011,57884000.0,Moderate
26,Male,Married,1,71500.0,31900.0,853100.0,3023800.0,60,64200.0,Low,0.0558,0.0663,106845000.0,Moderate
44,Male,Married,3,84100.0,39700.0,2325400.0,2956600.0,58,69400.0,Low,0.0722,0.073,57562000.0,Conservative
31,Male,Married,2,147100.0,98300.0,7877900.0,11676200.0,65,107600.0,High,0.0704,0.1135,171608000.0,Aggressive
23,Male,Married,0,106400.0,53600.0,1501100.0,2100600.0,58,83600.0,Medium,0.0644,0.1002,152564000.0,Moderate
34,Male,Married,3,66100.0,26900.0,3524200.0,2084000.0,55,41400.0,Low,0.0617,0.0744,41224000.0,Conservative
23,Female,Married,1,164600.0,120200.0,1835600.0,3098000.0,65,123200.0,Low,0.0662,0.0723,420348000.0,Conservative
41,Male,Married,2,25000.0,11500.0,1736600.0,2590300.0,62,22000.0,High,0.0617,0.118,11856000.0,Aggressive
22,Male,Single,0,250500.0,101000.0,3088100.0,4874400.0,60,217700.0,High,0.0661,0.113,446032000.0,Aggressive
58,Male,Single,0,26300.0,12700.0,2704500.0,1616000.0,60,18400.0,Low,0.0577,0.068,5618000.0,Conservative
30,Female,Married,0,50200.0,24200.0,923100.0,1130500.0,60,38100.0,Medium,0.071,0.1006,66567000.0,Moderate
38,Female,Married,0,71400.0,39100.0,3291600.0,3091200.0,58,57800.0,High,0.0675,0.1206,37609000.0,Aggressive
30,Female,Married,0,67000.0,48400.0,2471500.0,2577900.0,58,47000.0,Medium,0.0582,0.0872,52646000.0,Moderate
32,Female,Single,0,133800.0,94700.0,3506300.0,10898700.0,60,82900.0,High,0.0708,0.1144,101779000.0,Aggressive
36,Male,Single,0,38800.0,21700.0,2333800.0,3635700.0,65,29200.0,Medium,0.0622,0.1013,29607000.0,Aggressive
45,Female,Married,0,85500.0,46500.0,7248300.0,13106100.0,55,66700.0,Medium,0.0544,0.0974,23143000.0,Aggressive
59,Male,Single,0,51700.0,30700.0,3113400.0,1935800.0,60,31100.0,Medium,0.0519,0.0888,6481000.0,Moderate
56,Male,Married,2,87300.0,42400.0,4199700.0,2357000.0,55,54900.0,High,0.0675,0.1112,11879000.0,Aggressive
51,Female,Married,0,70300.0,29400.0,3615800.0,9744600.0,60,46600.0,Medium,0.0716,0.0919,21356000.0,Aggressive
52,Female,Married,2,77300.0,56300.0,6623400.0,5440100.0,60,54500.0,Low,0.0702,0.0607,26540000.0,Conservative
26,Female,Married,2,52600.0,24500.0,1296900.0,1250700.0,60,40100.0,Medium,0.0664,0.0942,79662000.0,Moderate
35,Female,Married,2,53900.0,25300.0,527900.0,3774900.0,55,37100.0,High,0.0535,0.1323,15120000.0,Aggressive
32,Female,Married,1,86900.0,49100.0,2933400.0,1817300.0,60,59300.0,Medium,0.0524,0.087,49730000.0,Moderate
30,Male,Married,1,128800.0,73700.0,829400.0,7687100.0,60,110900.0,Medium,0.0586,0.0941,126624000.0,Aggressive
55,Female,Married,3,51100.0,20800.0,4243700.0,4228000.0,55,32900.0,Medium,0.0714,0.1016,8577000.0,Moderate
33,Female,Single,0,43400.0,19600.0,1044000.0,3095400.0,58,32500.0,Low,0.074,0.0737,56921000.0,Moderate
56,Female,Single,0,105700.0,56300.0,5887300.0,18720700.0,60,93600.0,Low,0.056,0.0693,28942000.0,Moderate
56,Male,Single,0,71700.0,45800.0,6178700.0,4023800.0,60,56500.0,Low,0.0691,0.0693,20856000.0,Conservative
22,Female,Married,0,120400.0,57800.0,330300.0,2826900.0,58,98100.0,Medium,0.0643,0.0892,226685000.0,Moderate
43,Male,Married,3,42500.0,23300.0,883600.0,3875300.0,60,31000.0,Medium,0.0508,0.0937,14038000.0,Aggressive
50,Female,Married,1,25100.0,14900.0,1111300.0,4319200.0,65,15200.0,High,0.0636,0.1212,5236000.0,Aggressive
29,Female,Single,0,53100.0,37800.0,797800.0,1292000.0,55,42200.0,High,0.0701,0.1255,44516000.0,Aggressive
32,Male,Single,0,46200.0,23800.0,1082100.0,2998100.0,60,36500.0,Medium,0.0569,0.0919,35215000.0,Aggressive
58,Female,Married,1,69800.0,31200.0,7526200.0,7122900.0,55,44200.0,Medium,0.0724,0.0941,12825000.0,Moderate
35,Male,Single,0,49900.0,28500.0,2735900.0,4658100.0,55,36900.0,Low,0.0559,0.0653,35541000.0,Moderate
51,Male,Married,1,114100.0,75500.0,9918700.0,14051100.0,58,99800.0,Low,0.0519,0.0711,36833000.0,Moderate
56,Male,Married,3,61500.0,27000.0,6093700.0,7081600.0,60,40700.0,Low,0.054,0.0739,11569000.0,Moderate
42,Female,Married,2,80000.0,43900.0,2667200.0,11144200.0,62,59100.0,Medium,0.0709,0.0981,46712000.0,Aggressive
58,Female,Single,0,80400.0,32700.0,3257800.0,7798000.0,58,59400.0,Low,0.0604,0.0641,19225000.0,Conservative
26,Female,Single,1,82200.0,33800.0,944500.0,1480500.0,60,69300.0,Low,0.0699,0.0707,199843000.0,Conservative
40,Male,Single,0,72100.0,41000.0,4674600.0,6689100.0,60,61100.0,Medium,0.0633,0.0916,45425000.0,Aggressive
35,Female,Married,3,99300.0,50100.0,4608900.0,7740600.0,58,82200.0,Medium,0.062,0.1001,64205000.0,Aggressive
47,Male,Married,1,45400.0,31600.0,1311800.0,3965100.0,60,32200.0,Medium,0.0702,0.0942,17149000.0,Moderate
25,Female,Single,0,169300.0,103400.0,2355200.0,4485600.0,60,105200.0,Medium,0.0606,0.0874,185449000.0,Moderate
46,Male,Married,0,63500.0,35500.0,3144300.0,10306300.0,62,44800.0,Low,0.0701,0.0689,34067000.0,Moderate
46,Male,Married,0,33300.0,18100.0,1704800.0,4285900.0,62,26800.0,Low,0.0525,0.0723,13569000.0,Moderate
39,Male,Single,0,81900.0,47000.0,5477100.0,2435600.0,58,66400.0,Low,0.0659,0.0712,69671000.0,Conservative
29,Female,Married,2,43900.0,18200.0,939500.0,1081800.0,60,39000.0,Low,0.0676,0.0674,80274000.0,Conservative
35,Male,Married,3,109000.0,77700.0,6498900.0,12425000.0,58,80200.0,Medium,0.0725,0.0921,100562000.0,Aggressive
53,Male,Single,0,275300.0,206300.0,13890100.0,35000000.0,60,217400.0,High,0.0556,0.1151,49667000.0,Aggressive
59,Male,Single,0,45600.0,21100.0,3867100.0,9206200.0,65,34700.0,Medium,0.0651,0.093,9470000.0,Aggressive
54,Male,Married,1,89300.0,39500.0,8529100.0,6918900.0,55,57600.0,Medium,0.0608,0.0907,15058000.0,Moderate
44,Male,Married,2,25500.0,11500.0,1976000.0,3147900.0,60,18800.0,High,0.0596,0.1249,6850000.0,Aggressive
36,Male,Married,2,96000.0,60600.0,1045700.0,8749400.0,60,73300.0,Low,0.0527,0.0655,64628000.0,Moderate
54,Female,Married,0,43000.0,27200.0,1287100.0,3262200.0,60,38100.0,Low,0.0534,0.0706,13059000.0,Conservative
46,Female,Married,2,50300.0,35000.0,2373100.0,5119000.0,58,35700.0,Medium,0.0709,0.0953,18425000.0,Aggressive
38,Male,Married,3,37800.0,25100.0,1346400.0,3352400.0,65,33800.0,Medium,0.0687,0.0997,36596000.0,Aggressive
54,Female,Married,1,113500.0,63300.0,7867900.0,12335100.0,60,86600.0,Medium,0.0596,0.1004,22467000.0,Aggressive
23,Female,Married,0,133800.0,82200.0,2290000.0,2836300.0,58,90000.0,Medium,0.0707,0.0985,222753000.0,Moderate
35,Male,Single,0,74200.0,47600.0,1016200.0,7372600.0,55,48800.0,Low,0.052,0.0718,34017000.0,Moderate
27,Male,Married,0,43500.0,25200.0,897800.0,2480800.0,60,27900.0,Medium,0.0656,0.0898,53773000.0,Aggressive
27,Male,Married,3,189800.0,107500.0,2155400.0,10307000.0,55,139700.0,Low,0.0717,0.0647,320456000.0,Moderate
24,Female,Married,1,46600.0,29200.0,1074600.0,970300.0,58,28300.0,High,0.071,0.1158,54560000.0,Aggressive
28,Male,Married,1,25000.0,14900.0,1067600.0,834500.0,60,18300.0,High,0.0593,0.1238,17782000.0,Aggressive
29,Female,Single,0,96300.0,60200.0,2461000.0,6589700.0,60,86300.0,Low,0.0686,0.0704,184126000.0,Moderate
36,Male,Single,0,37700.0,23200.0,516900.0,2531700.0,60,30200.0,Low,0.0607,0.0743,30603000.0,Moderate
50,Female,Single,1,132300.0,86200.0,10196300.0,8225800.0,58,109500.0,Low,0.071,0.075,59915000.0,Conservative
54,Male,Married,3,58200.0,36400.0,4330800.0,6593600.0,60,37000.0,Low,0.0633,0.0664,15858000.0,Moderate
51,Male,Married,3,105100.0,61200.0,4343800.0,4851100.0,65,78000.0,Medium,0.0691,0.0952,36757000.0,Moderate
48,Female,Single,1,169500.0,108200.0,14000100.0,21807400.0,58,116300.0,Medium,0.052,0.0949,38665000.0,Aggressive
57,Female,Married,1,35400.0,19700.0,3688700.0,3105100.0,60,30700.0,High,0.0648,0.1184,6312000.0,Aggressive
50,Female,Married,3,52100.0,25200.0,3012100.0,3360200.0,65,34100.0,Medium,0.0638,0.0923,15170000.0,Moderate
59,Female,Married,2,69900.0,28000.0,4699000.0,14668700.0,60,51600.0,Low,0.0652,0.0759,14118000.0,Aggressive
54,Female,Married,1,184000.0,109700.0,7036400.0,29574500.0,60,142900.0,Low,0.0674,0.0703,62226000.0,Moderate
58,Female,Married,0,49300.0,29900.0,3358000.0,8599200.0,58,37200.0,Low,0.073,0.0701,11552000.0,Moderate
48,Male,Married,1,51200.0,37900.0,2358600.0,6047000.0,60,43500.0,Low,0.0696,0.066,29332000.0,Moderate
54,Female,Single,0,97400.0,51300.0,3766000.0,16723000.0,60,65200.0,High,0.0555,0.1234,13052000.0,Aggressive
25,Male,Single,0,51700.0,27800.0,275400.0,1969100.0,60,36900.0,Low,0.0706,0.065,118582000.0,Moderate
43,Male,Married,2,80100.0,37700.0,2218300.0,8049200.0,65,67100.0,High,0.0531,0.1223,27252000.0,Aggressive
23,Female,Married,3,28800.0,12200.0,148800.0,695400.0,55,21800.0,Medium,0.0656,0.0974,40106000.0,Moderate
31,Male,Married,3,276100.0,185100.0,8840200.0,7444800.0,55,199000.0,Medium,0.0721,0.0929,298235000.0,Moderate
26,Female,Single,0,32600.0,15900.0,758100.0,1779100.0,55,19800.0,Medium,0.0525,0.0966,18469000.0,Aggressive
31,Female,Single,0,60300.0,37000.0,2123200.0,2666300.0,60,49800.0,Medium,0.0712,0.0959,81401000.0,Moderate
54,Male,Married,2,71700.0,45900.0,3330300.0,8388800.0,58,63900.0,Medium,0.07,0.0948,19480000.0,Aggressive
59,Male,Single,0,230400.0,130200.0,12248400.0,11463000.0,60,181100.0,Medium,0.0626,0.0951,39865000.0,Moderate
34,Female,Married,1,33000.0,23300.0,1754500.0,2181200.0,58,28300.0,Low,0.0577,0.0703,28833000.0,Moderate
52,Female,Married,1,240400.0,133500.0,12666500.0,30428600.0,60,181500.0,High,0.0601,0.1206,46009000.0,Aggressive
57,Male,Married,3,115200.0,57600.0,12134300.0,24263500.0,58,77100.0,Low,0.0742,0.0703,24427000.0,Aggressive
45,Male,Married,3,93900.0,67000.0,4068200.0,15068000.0,62,56700.0,Medium,0.055,0.0895,27950000.0,Aggressive
36,Male,Married,3,40500.0,28400.0,1878000.0,4786700.0,60,32200.0,Medium,0.0645,0.0942,30326000.0,Aggressive
50,Male,Single,0,103000.0,47100.0,1529200.0,8111000.0,65,77000.0,Low,0.0521,0.0713,31177000.0,Conservative
29,Female,Married,1,47400.0,19400.0,1561800.0,3779400.0,60,39600.0,Low,0.0554,0.0705,55158000.0,Moderate
26,Female,Married,0,156400.0,67500.0,4886800.0,4678400.0,58,126400.0,Low,0.0691,0.0748,324458000.0,Conservative
50,Female,Married,0,40800.0,20400.0,3687300.0,6549700.0,58,36600.0,Medium,0.0576,0.0981,11446000.0,Aggressive
25,Female,Married,3,68300.0,50600.0,2124300.0,1024500.0,65,51400.0,Medium,0.0746,0.0906,194966000.0,Moderate
33,Male,Married,1,52400.0,31200.0,1132200.0,3120700.0,60,38200.0,High,0.0625,0.1192,32984000.0,Aggressive
23,Male,Married,3,40400.0,21400.0,452700.0,979800.0,55,27700.0,Medium,0.0629,0.0934,45606000.0,Moderate
48,Female,Single,0,114100.0,81100.0,5359200.0,19207900.0,60,84800.0,Low,0.0509,0.07,36350000.0,Moderate
52,Female,Married,0,100800.0,56300.0,6084800.0,13996600.0,60,86900.0,Medium,0.0739,0.095,34970000.0,Aggressive
57,Female,Married,2,151100.0,77100.0,4039800.0,26215500.0,58,92600.0,Medium,0.0544,0.0981,17998000.0,Aggressive
57,Female,Married,3,25100.0,18300.0,2331100.0,1458100.0,58,22400.0,Medium,0.0635,0.0959,5299000.0,Moderate
47,Female,Married,2,138500.0,96600.0,11463000.0,18035800.0,62,124400.0,Medium,0.0599,0.1012,54268000.0,Aggressive
48,Female,Single,0,328800.0,228600.0,15415300.0,35000000.0,55,256200.0,Medium,0.0604,0.0962,88540000.0,Aggressive
26,Female,Married,1,55800.0,32300.0,723900.0,642800.0,58,39000.0,Low,0.0661,0.0658,94908000.0,Conservative
41,Female,Married,1,228000.0,154200.0,4227100.0,7323500.0,58,152100.0,Medium,0.0666,0.0927,109387000.0,Moderate
32,Female,Married,3,62400.0,28900.0,2553400.0,1337900.0,58,42600.0,Low,0.0539,0.073,43461000.0,Conservative
31,Male,Married,0,32100.0,19300.0,673700.0,2271600.0,60,19700.0,Medium,0.0625,0.0869,24237000.0,Aggressive
59,Female,Single,0,60900.0,45300.0,6131800.0,3251800.0,55,45200.0,Low,0.0698,0.0633,15979000.0,Conservative
27,Male,Single,1,137200.0,68900.0,3907300.0,4789200.0,58,84700.0,High,0.0611,0.1201,90794000.0,Aggressive
29,Male,Married,3,44200.0,30000.0,1442000.0,1541900.0,65,36000.0,Medium,0.0541,0.0998,36742000.0,Moderate
44,Female,Single,0,51000.0,29200.0,2619500.0,4924000.0,58,36300.0,Medium,0.0578,0.1015,15442000.0,Aggressive
47,Female,Married,2,104400.0,43200.0,1426300.0,13354600.0,58,68900.0,High,0.0553,0.1189,20000000.0,Aggressive
33,Male,Single,0,73300.0,48900.0,4111200.0,5581500.0,60,56000.0,High,0.0531,0.1253,32551000.0,Aggressive
47,Male,Single,0,103900.0,47700.0,6258400.0,10279500.0,60,92700.0,Medium,0.0594,0.0954,39737000.0,Aggressive
34,Female,Married,3,84300.0,52400.0,5228700.0,4947800.0,62,68200.0,Low,0.0635,0.0623,101295000.0,Moderate
39,Male,Married,3,97500.0,41900.0,4260300.0,6271700.0,58,72900.0,High,0.0518,0.12,28944000.0,Aggressive
46,Female,Married,2,56400.0,41300.0,3691900.0,8338300.0,62,47000.0,Medium,0.0651,0.0919,25590000.0,Aggressive
54,Female,Married,2,84000.0,42200.0,1377700.0,6907300.0,60,69000.0,Medium,0.0748,0.0996,24422000.0,Moderate
33,Female,Single,1,41900.0,20100.0,1682600.0,1537700.0,60,36300.0,High,0.0741,0.1199,46011000.0,Aggressive
57,Male,Married,3,158400.0,70500.0,13339200.0,25878700.0,55,104800.0,Low,0.0707,0.0636,35798000.0,Moderate
25,Male,Married,1,50000.0,36600.0,1251900.0,1055000.0,55,42900.0,Low,0.0567,0.0625,77230000.0,Conservative
26,Female,Single,0,144000.0,93500.0,4124700.0,7157100.0,60,99400.0,Medium,0.0506,0.0949,98963000.0,Aggressive
58,Male,Married,3,63600.0,41900.0,2144800.0,5577200.0,62,56100.0,High,0.0708,0.1079,13307000.0,Aggressive
29,Male,Married,3,82600.0,47500.0,3847700.0,4896300.0,60,56500.0,Medium,0.0514,0.0924,49369000.0,Aggressive
49,Male,Married,3,54300.0,30700.0,5057000.0,1566200.0,58,47700.0,Medium,0.0551,0.0962,15086000.0,Moderate
52,Male,Single,0,39800.0,17500.0,699700.0,3517100.0,55,35400.0,Medium,0.0636,0.0897,10581000.0,Moderate
30,Male,Single,1,25700.0,15300.0,1234500.0,944200.0,60,16500.0,Medium,0.0545,0.1,14816000.0,Moderate
50,Male,Single,0,38800.0,18900.0,1361500.0,6007100.0,60,34600.0,High,0.0708,0.126,11099000.0,Aggressive
35,Male,Married,1,60200.0,44700.0,2827900.0,6809700.0,58,37700.0,Low,0.0694,0.0649,55187000.0,Moderate
43,Female,Married,3,83000.0,56300.0,2818300.0,6776200.0,55,55200.0,Medium,0.0689,0.0935,32660000.0,Aggressive
32,Male,Single,0,134100.0,73000.0,7414300.0,11289300.0,60,98300.0,High,0.0704,0.125,112676000.0,Aggressive
44,Male,Married,3,56000.0,25400.0,951900.0,6581100.0,60,50300.0,Medium,0.0555,0.095,23028000.0,Aggressive
22,Male,Married,0,43100.0,29100.0,429400.0,1046600.0,60,32200.0,Medium,0.0682,0.088,96884000.0,Moderate
58,Male,Married,0,30800.0,13600.0,1635300.0,5512200.0,62,23600.0,Low,0.0589,0.0693,7237000.0,Moderate
42,Male,Married,1,97500.0,45500.0,3146600.0,2767800.0,60,78800.0,High,0.0667,0.1157,43387000.0,Aggressive
47,Male,Single,0,167700.0,79500.0,10337500.0,21625100.0,58,149300.0,Medium,0.0531,0.1005,50573000.0,Aggressive
57,Male,Married,0,156300.0,93000.0,3788300.0,19503100.0,60,130500.0,Medium,0.0676,0.098,34082000.0,Aggressive
44,Male,Married,0,112000.0,75700.0,7074400.0,2405600.0,65,74700.0,Medium,0.0743,0.0934,66062000.0,Moderate
22,Female,Married,3,107300.0,54700.0,1898100.0,915100.0,65,74100.0,Medium,0.0511,0.0957,99515000.0,Moderate
36,Male,Married,2,202500.0,87000.0,11269000.0,22964600.0,62,127400.0,Medium,0.0523,0.0885,88608000.0,Aggressive
42,Male,Single,0,89300.0,50200.0,6294000.0,12594800.0,58,70800.0,High,0.0531,0.1162,27249000.0,Aggressive
30,Male,Married,3,107800.0,71300.0,2364300.0,7723400.0,60,70500.0,Medium,0.0608,0.1028,77908000.0,Aggressive
30,Male,Single,0,60300.0,28800.0,1227700.0,5165300.0,62,40800.0,Medium,0.0573,0.0953,45227000.0,Aggressive
31,Female,Married,1,32300.0,15400.0,995400.0,2504000.0,60,28000.0,Medium,0.0702,0.0997,43918000.0,Aggressive
47,Female,Married,1,48500.0,35500.0,662400.0,1078900.0,58,33900.0,Low,0.0618,0.0712,18163000.0,Conservative
56,Female,Single,0,72700.0,53400.0,7259800.0,5628800.0,65,56000.0,Low,0.0621,0.0766,20781000.0,Conservative
46,Female,Married,2,75800.0,56600.0,1597000.0,1874600.0,60,54500.0,High,0.0679,0.11,25330000.0,Aggressive
47,Female,Single,1,232300.0,158600.0,19104600.0,8125600.0,58,144500.0,Medium,0.059,0.0941,60786000.0,Moderate
32,Female,Married,2,76800.0,35800.0,810500.0,2389300.0,58,54400.0,Medium,0.0588,0.1032,45689000.0,Moderate
59,Female,Married,3,148300.0,70300.0,13677200.0,18222700.0,60,107100.0,Low,0.0689,0.0748,33011000.0,Moderate
23,Female,Married,2,56300.0,29200.0,249500.0,1218700.0,60,48900.0,High,0.0695,0.1266,88857000.0,Aggressive
28,Female,Married,0,60700.0,31000.0,388100.0,3906400.0,55,42300.0,Medium,0.0504,0.095,30974000.0,Aggressive
39,Female,Married,0,32900.0,24200.0,1832900.0,2981500.0,60,23500.0,High,0.0536,0.1173,10647000.0,Aggressive
48,Female,Married,3,46800.0,31600.0,1547400.0,7741300.0,60,39100.0,High,0.0553,0.1149,11125000.0,Aggressive
55,Female,Married,1,100300.0,65500.0,7739200.0,11444100.0,60,83000.0,High,0.0588,0.1145,18524000.0,Aggressive
48,Female,Married,0,73500.0,34200.0,4078100.0,11710800.0,58,61700.0,High,0.0573,0.124,16706000.0,Aggressive
38,Female,Single,0,128800.0,92500.0,1927300.0,8830400.0,60,114100.0,Low,0.0667,0.0726,128172000.0,Moderate
45,Female,Married,0,81500.0,56200.0,6611000.0,4866200.0,55,68400.0,High,0.0707,0.1197,26235000.0,Aggressive
46,Female,Single,0,59200.0,27100.0,2678900.0,9230100.0,58,42800.0,Low,0.0548,0.0725,21512000.0,Moderate
28,Male,Married,0,265400.0,187100.0,8939600.0,8970000.0,58,224600.0,High,0.0641,0.1207,230340000.0,Aggressive
27,Female,Single,1,69100.0,34200.0,1547600.0,2554500.0,62,52000.0,Low,0.0592,0.0748,87082000.0,Conservative
45,Male,Single,0,146900.0,62900.0,8221500.0,9866100.0,58,100400.0,Medium,0.0626,0.0998,45457000.0,Moderate
54,Female,Married,1,57500.0,36200.0,2226300.0,8087900.0,55,39700.0,Low,0.0655,0.0647,14119000.0,Moderate
50,Female,Married,0,111900.0,70400.0,3082400.0,20566600.0,58,74700.0,High,0.0723,0.1214,23986000.0,Aggressive
43,Male,Married,0,127600.0,55300.0,6245600.0,2823500.0,60,82100.0,Low,0.0548,0.0617,57647000.0,Conservative
47,Female,Single,0,82900.0,42400.0,3748500.0,13037400.0,65,54300.0,Medium,0.0522,0.0957,22175000.0,Aggressive
49,Male,Married,3,25000.0,18700.0,1070600.0,557500.0,65,15500.0,High,0.0657,0.123,6342000.0,Aggressive
42,Male,Married,3,73900.0,47100.0,4217400.0,4911000.0,58,64000.0,Medium,0.0599,0.0884,35455000.0,Moderate
28,Male,Married,1,153000.0,100300.0,4890100.0,3007900.0,58,134500.0,Low,0.0541,0.0679,177895000.0,Conservative
38,Female,Single,1,100400.0,47600.0,1098300.0,10418900.0,58,77900.0,Medium,0.0529,0.095,42425000.0,Aggressive
41,Female,Married,2,95600.0,40900.0,3092000.0,2301000.0,60,81500.0,Low,0.064,0.0712,76042000.0,Conservative
41,Female,Single,0,26000.0,12900.0,973300.0,2308900.0,55,17000.0,Medium,0.0575,0.0936,8342000.0,Aggressive
43,Male,Married,1,47500.0,23100.0,772800.0,2800400.0,58,41300.0,High,0.0749,0.1141,24401000.0,Aggressive
49,Male,Married,1,93600.0,45100.0,2808400.0,4017300.0,60,70400.0,Medium,0.0601,0.0947,27863000.0,Moderate
28,Female,Married,0,93500.0,43700.0,647300.0,5473900.0,58,58000.0,Low,0.0553,0.0617,88341000.0,Moderate
22,Female,Married,3,151600.0,91100.0,2719700.0,1179900.0,55,97400.0,Medium,0.0657,0.0938,191403000.0,Moderate
53,Female,Married,0,67000.0,34500.0,5142300.0,4165500.0,58,46400.0,High,0.0561,0.1178,9717000.0,Aggressive
34,Female,Married,1,93300.0,64100.0,1098600.0,3750800.0,58,57200.0,Low,0.0624,0.0693,71583000.0,Conservative
51,Female,Married,0,73900.0,34300.0,924900.0,8865900.0,60,51200.0,Medium,0.0621,0.0922,19421000.0,Aggressive
44,Male,Married,0,40500.0,22800.0,2566100.0,4531700.0,65,25000.0,Medium,0.0613,0.0875,16486000.0,Aggressive
40,Male,Married,1,25000.0,10100.0,957500.0,479700.0,58,16800.0,High,0.0699,0.1182,10727000.0,Aggressive
53,Male,Married,0,94700.0,53800.0,7692200.0,6185100.0,58,64400.0,High,0.0554,0.1247,12464000.0,Aggressive
51,Female,Married,2,81200.0,34100.0,7335600.0,7642900.0,65,72900.0,Medium,0.0726,0.1013,36146000.0,Moderate
50,Male,Married,0,50500.0,37500.0,3096800.0,3842100.0,62,33900.0,Medium,0.0698,0.1072,14839000.0,Moderate
50,Male,Married,0,27700.0,18700.0,732000.0,4592200.0,58,18600.0,Medium,0.0583,0.1035,5510000.0,Aggressive
51,Male,Married,3,106700.0,61000.0,8340300.0,16358100.0,60,86000.0,Low,0.0545,0.064,37228000.0,Moderate
37,Male,Single,0,62300.0,26800.0,4172600.0,5304800.0,55,53400.0,Low,0.057,0.068,42776000.0,Moderate
40,Male,Married,1,102100.0,62000.0,4887800.0,6036200.0,60,73100.0,Medium,0.0583,0.0949,44097000.0,Moderate
39,Female,Married,1,223800.0,149000.0,11914500.0,22557800.0,65,193100.0,Low,0.0639,0.0696,217439000.0,Moderate
22,Male,Single,0,25000.0,11700.0,185000.0,539000.0,60,17600.0,High,0.0512,0.1203,16483000.0,Aggressive
35,Female,Single,0,48100.0,28800.0,1405500.0,3605500.0,60,31700.0,Low,0.0729,0.082,51447000.0,Moderate
23,Female,Married,0,64500.0,44200.0,887200.0,1306700.0,58,45100.0,Low,0.0525,0.0646,72954000.0,Conservative
49,Female,Married,2,175100.0,117100.0,15325800.0,24643400.0,60,137100.0,Medium,0.057,0.0914,52421000.0,Aggressive
51,Female,Married,2,27400.0,18700.0,1780100.0,3218900.0,60,19500.0,Low,0.0527,0.0782,6947000.0,Moderate
59,Female,Single,0,233600.0,165300.0,20799000.0,20119800.0,60,187300.0,Medium,0.0564,0.0919,39769000.0,Moderate
25,Male,Married,1,79300.0,57700.0,651900.0,2975200.0,55,53200.0,Medium,0.0709,0.097,110113000.0,Aggressive
22,Male,Single,0,69000.0,37400.0,372000.0,520900.0,60,55900.0,Medium,0.0654,0.1002,117316000.0,Moderate
29,Female,Married,1,64900.0,38900.0,1805100.0,4202900.0,60,45700.0,High,0.0557,0.1224,36267000.0,Aggressive
50,Female,Single,0,56300.0,38100.0,1437400.0,8605500.0,58,41500.0,High,0.0718,0.121,12843000.0,Aggressive
24,Female,Single,1,137200.0,88400.0,2359400.0,4385200.0,58,105300.0,Low,0.07,0.0747,299180000.0,Conservative
53,Male,Single,0,38500.0,28800.0,1429000.0,4050600.0,58,31000.0,High,0.0688,0.1155,7843000.0,Aggressive
31,Female,Married,1,90000.0,36400.0,3959400.0,2433300.0,60,60400.0,Medium,0.0712,0.0925,104135000.0,Moderate
31,Male,Single,0,58100.0,30500.0,2602300.0,1127800.0,60,49400.0,Medium,0.0655,0.0977,63412000.0,Moderate
40,Female,Married,1,46300.0,23100.0,1850500.0,5075900.0,62,37800.0,Medium,0.0625,0.0847,32075000.0,Aggressive
55,Male,Married,1,345100.0,169700.0,9700100.0,35000000.0,58,231300.0,Low,0.0593,0.0771,70749000.0,Conservative
54,Female,Married,3,94000.0,44900.0,6566200.0,13023500.0,65,83900.0,High,0.0556,0.1215,20329000.0,Aggressive
44,Male,Married,1,105700.0,68500.0,8866800.0,4167900.0,60,84500.0,Medium,0.0639,0.0958,47181000.0,Moderate
49,Female,Married,2,144700.0,62200.0,8993600.0,24637900.0,58,106500.0,Medium,0.0722,0.0868,53623000.0,Aggressive
53,Male,Single,0,31200.0,20600.0,446900.0,6063500.0,55,20200.0,Low,0.0648,0.0636,7544000.0,Aggressive
28,Male,Married,0,209300.0,134500.0,1167200.0,7687100.0,58,159100.0,High,0.073,0.118,246035000.0,Aggressive
50,Male,Single,0,25000.0,12200.0,942700.0,2969500.0,65,16200.0,High,0.0589,0.124,5354000.0,Aggressive
29,Male,Single,0,46100.0,22500.0,626000.0,2978100.0,58,33600.0,Low,0.0674,0.0596,66056000.0,Moderate
22,Male,Married,2,55500.0,34400.0,833000.0,1065600.0,58,40100.0,Medium,0.0662,0.0989,86949000.0,Moderate
24,Male,Married,3,103700.0,69100.0,2275600.0,3818100.0,58,84600.0,Medium,0.0668,0.0932,180621000.0,Aggressive
45,Male,Married,0,83400.0,58900.0,2455000.0,3025000.0,62,54900.0,Medium,0.0661,0.0939,33861000.0,Moderate
44,Female,Married,0,66200.0,46200.0,2238800.0,6672800.0,58,56000.0,Medium,0.0555,0.0963,23127000.0,Aggressive
29,Female,Married,2,72600.0,53600.0,1110200.0,4252100.0,58,50700.0,Medium,0.0536,0.0963,45871000.0,Aggressive
58,Female,Single,0,40700.0,24600.0,4037600.0,7891200.0,60,29800.0,Low,0.0745,0.0664,9835000.0,Moderate
24,Female,Single,0,29800.0,21400.0,423200.0,1004100.0,60,24800.0,Medium,0.0511,0.0981,26793000.0,Aggressive
54,Female,Single,0,113100.0,77200.0,7996200.0,22182100.0,60,89100.0,Medium,0.0617,0.0834,29354000.0,Aggressive
49,Male,Single,0,110900.0,79100.0,4983300.0,11429900.0,60,76800.0,Medium,0.0606,0.0927,30193000.0,Aggressive
29,Male,Married,3,189200.0,76400.0,6055100.0,12938500.0,62,135400.0,High,0.059,0.1208,133754000.0,Aggressive
55,Male,Married,2,45500.0,33600.0,2136400.0,4597800.0,62,31500.0,Low,0.0695,0.0683,12633000.0,Conservative
56,Male,Single,0,110800.0,62700.0,4803400.0,11298200.0,60,86300.0,Low,0.0686,0.0609,31627000.0,Conservative
53,Male,Married,0,61700.0,41900.0,4174500.0,4152100.0,58,43200.0,Low,0.0726,0.0738,19044000.0,Conservative
45,Female,Married,2,149400.0,66400.0,8208900.0,20588800.0,60,122200.0,Low,0.0599,0.0638,84427000.0,Moderate
35,Female,Single,0,135000.0,72700.0,3259500.0,15530500.0,58,104500.0,Low,0.0641,0.0697,130015000.0,Moderate
53,Female,Single,0,83000.0,41100.0,2028500.0,5628400.0,58,53400.0,High,0.0723,0.1208,14456000.0,Aggressive
37,Female,Single,0,59700.0,30000.0,1826000.0,1283700.0,65,41400.0,Low,0.0748,0.0701,75248000.0,Conservative
25,Male,Single,0,130200.0,57700.0,1949100.0,5271100.0,62,86800.0,Medium,0.0742,0.1008,253568000.0,Aggressive
58,Male,Single,0,107800.0,73500.0,7799700.0,15405800.0,60,77300.0,Low,0.0679,0.0697,25319000.0,Moderate
42,Male,Married,2,48500.0,19600.0,3607600.0,7057000.0,62,36600.0,Medium,0.0536,0.0971,17048000.0,Aggressive
35,Female,Single,0,33000.0,16800.0,306900.0,1314600.0,65,24800.0,High,0.0506,0.1197,13776000.0,Aggressive
52,Male,Married,2,61500.0,28400.0,1986900.0,2159500.0,60,50800.0,Low,0.0706,0.0731,24741000.0,Conservative
39,Female,Married,2,181500.0,110000.0,3816100.0,13743100.0,60,119200.0,High,0.071,0.127,80776000.0,Aggressive
28,Male,Married,2,145500.0,71100.0,3577100.0,2080600.0,60,128600.0,High,0.0687,0.1207,195810000.0,Aggressive
31,Male,Married,0,37500.0,18400.0,998500.0,1227600.0,58,26400.0,Medium,0.057,0.0989,23615000.0,Moderate
28,Female,Single,0,36300.0,20700.0,1215000.0,613900.0,58,25000.0,Medium,0.066,0.1023,36704000.0,Moderate
54,Male,Married,0,157100.0,98700.0,5224300.0,9967600.0,60,126600.0,Medium,0.0579,0.1018,32727000.0,Moderate
44,Male,Married,0,37000.0,16400.0,1997800.0,1261300.0,58,31100.0,High,0.0613,0.1181,11743000.0,Aggressive
42,Female,Single,0,99300.0,45800.0,7168300.0,14372200.0,58,70900.0,Low,0.0596,0.0752,46798000.0,Moderate
40,Male,Single,1,50500.0,24600.0,3550400.0,2611300.0,58,41600.0,Medium,0.0728,0.0962,36098000.0,Moderate
40,Female,Married,0,193000.0,143000.0,14199000.0,13956200.0,58,167000.0,Medium,0.0559,0.1006,83158000.0,Aggressive
57,Male,Married,0,46100.0,24800.0,3919700.0,8861200.0,65,38300.0,Low,0.0644,0.0728,14244000.0,Moderate
50,Male,Married,1,145200.0,88500.0,12674200.0,19192900.0,60,88600.0,High,0.059,0.1214,24896000.0,Aggressive
39,Male,Married,2,81700.0,39600.0,1937800.0,7421900.0,60,69300.0,Medium,0.0666,0.0972,56896000.0,Aggressive
23,Male,Married,3,85100.0,48600.0,439200.0,1576300.0,65,70800.0,Medium,0.0641,0.0963,162138000.0,Moderate
22,Male,Single,1,25000.0,10600.0,52600.0,530900.0,65,20000.0,Medium,0.0731,0.0965,84263000.0,Moderate
26,Male,Single,0,25000.0,10300.0,665500.0,1281300.0,60,20700.0,Low,0.0525,0.0692,28875000.0,Moderate
41,Male,Single,0,64100.0,36200.0,4749700.0,6427900.0,65,57300.0,Low,0.0555,0.0687,47841000.0,Moderate
32,Male,Single,1,84800.0,45800.0,1338400.0,7622900.0,60,61800.0,Medium,0.0692,0.1038,83374000.0,Aggressive
23,Female,Married,1,37200.0,16700.0,453500.0,549800.0,58,23100.0,Medium,0.0592,0.0974,35243000.0,Moderate
24,Female,Married,3,38100.0,24400.0,751300.0,525500.0,58,28100.0,Low,0.0541,0.0671,46899000.0,Conservative
44,Male,Married,0,102400.0,76500.0,8089100.0,14630500.0,60,62900.0,Low,0.0626,0.0686,43536000.0,Moderate
33,Male,Single,0,102500.0,55200.0,4198400.0,6443300.0,60,70500.0,Medium,0.0663,0.1003,84182000.0,Aggressive
41,Female,Married,3,67300.0,41600.0,5140900.0,9031600.0,60,52200.0,High,0.0511,0.1163,21817000.0,Aggressive
26,Male,Single,0,116800.0,86100.0,1755500.0,1042100.0,60,80900.0,High,0.0573,0.1126,83310000.0,Aggressive
58,Male,Single,0,36200.0,25000.0,1650500.0,3650500.0,55,29200.0,Low,0.0702,0.063,10333000.0,Conservative
59,Female,Single,0,59100.0,33200.0,3842300.0,12303500.0,55,50000.0,Medium,0.063,0.0864,13862000.0,Aggressive
51,Male,Married,1,196600.0,129400.0,8613800.0,12590600.0,60,142800.0,High,0.0509,0.1135,35278000.0,Aggressive
30,Male,Married,1,76200.0,33900.0,436000.0,6292300.0,58,66300.0,Medium,0.057,0.0891,73016000.0,Aggressive
55,Female,Married,2,78900.0,45700.0,6213300.0,15422000.0,60,49200.0,High,0.066,0.1269,10795000.0,Aggressive
56,Male,Married,2,291700.0,145200.0,23859200.0,35000000.0,60,248500.0,High,0.055,0.1198,49590000.0,Aggressive
43,Male,Married,3,31600.0,14400.0,2020300.0,3023800.0,60,26800.0,Low,0.0707,0.0682,24201000.0,Moderate
45,Female,Single,1,117900.0,64800.0,4252200.0,13332200.0,58,82100.0,Low,0.0669,0.0628,58401000.0,Moderate
38,Male,Single,0,198500.0,88500.0,8223200.0,23187000.0,60,136900.0,Low,0.0618,0.0693,141710000.0,Moderate
31,Female,Single,0,60200.0,38800.0,1401400.0,4515300.0,62,41600.0,Low,0.0729,0.0613,99330000.0,Moderate
51,Male,Married,3,122500.0,68600.0,1488600.0,15577100.0,65,103300.0,High,0.0598,0.1182,32961000.0,Aggressive
44,Male,Married,0,40600.0,23800.0,2094600.0,6383900.0,62,34500.0,High,0.0559,0.1303,12668000.0,Aggressive
53,Female,Single,0,48400.0,21800.0,1072600.0,6870300.0,60,33800.0,Low,0.0665,0.0733,14131000.0,Moderate
38,Female,Married,0,92100.0,41300.0,1208600.0,11890500.0,58,71600.0,Medium,0.0643,0.094,55754000.0,Aggressive
38,Male,Married,3,118100.0,71400.0,6655200.0,2657000.0,60,75800.0,Medium,0.0584,0.0985,49665000.0,Moderate
35,Female,Single,0,143300.0,106700.0,1111900.0,4044600.0,65,106100.0,Medium,0.0586,0.0924,102969000.0,Moderate
30,Female,Married,0,187500.0,81300.0,9198100.0,8443500.0,58,168700.0,Medium,0.06,0.091,189231000.0,Moderate
23,Male,Married,2,70200.0,35100.0,719100.0,805000.0,58,45500.0,High,0.0573,0.1285,48735000.0,Aggressive
46,Male,Married,0,149700.0,105400.0,13001500.0,20376700.0,58,132400.0,Low,0.0678,0.0643,85605000.0,Moderate
30,Male,Single,0,59600.0,25300.0,493600.0,1356000.0,60,50500.0,Low,0.0663,0.0682,92376000.0,Conservative
43,Female,Married,3,125600.0,88700.0,6525000.0,19099800.0,60,112000.0,Low,0.061,0.0715,77808000.0,Moderate
25,Female,Single,1,82800.0,48300.0,1088400.0,1589700.0,55,54100.0,Medium,0.0599,0.0903,76473000.0,Moderate
47,Female,Married,1,95600.0,51900.0,7407000.0,8201900.0,62,63500.0,Medium,0.0591,0.0983,26824000.0,Moderate
50,Female,Married,0,94300.0,47900.0,3881900.0,6297800.0,60,57100.0,Medium,0.0571,0.0935,20037000.0,Moderate
55,Male,Married,1,27900.0,14100.0,988500.0,3580000.0,58,22800.0,Medium,0.0521,0.0983,4940000.0,Aggressive
44,Female,Married,2,37300.0,18900.0,2750400.0,1022400.0,58,29600.0,High,0.0567,0.1229,10135000.0,Aggressive
58,Male,Married,3,77800.0,55200.0,3731800.0,4203500.0,58,50800.0,Medium,0.058,0.0938,11227000.0,Moderate
32,Female,Married,3,26600.0,17400.0,190900.0,2055200.0,60,22300.0,Medium,0.0637,0.1036,26203000.0,Aggressive
27,Male,Single,0,120400.0,76400.0,2219600.0,2246200.0,58,83000.0,High,0.0693,0.1167,131051000.0,Aggressive
39,Male,Married,2,123400.0,83900.0,6345800.0,5526000.0,60,79000.0,High,0.0599,0.1267,39559000.0,Aggressive
42,Male,Single,0,89000.0,43600.0,2415900.0,10980100.0,60,64700.0,Low,0.0736,0.0759,64494000.0,Moderate
57,Female,Married,2,37300.0,23000.0,1966600.0,1591000.0,60,23400.0,Medium,0.0707,0.1039,6494000.0,Moderate
59,Male,Married,1,167400.0,93900.0,2960500.0,18445400.0,58,113700.0,High,0.0746,0.1209,22398000.0,Aggressive
55,Male,Married,1,248300.0,167300.0,16274200.0,7096900.0,60,176600.0,Low,0.0719,0.0661,70194000.0,Conservative
38,Female,Married,0,79900.0,40600.0,4506600.0,4482700.0,62,68400.0,Medium,0.0654,0.1054,57240000.0,Moderate
58,Male,Married,3,99300.0,62100.0,5131600.0,15668200.0,55,83200.0,Medium,0.065,0.0933,21775000.0,Aggressive
46,Female,Single,0,82500.0,58500.0,3525800.0,2767000.0,55,60500.0,Low,0.0532,0.0659,27493000.0,Conservative
59,Female,Married,0,100500.0,54300.0,2086100.0,19774500.0,60,82100.0,Low,0.0681,0.0691,25038000.0,Moderate
33,Male,Married,1,68100.0,28800.0,1181500.0,6605100.0,60,52500.0,Medium,0.065,0.0901,62749000.0,Aggressive
44,Male,Single,0,71600.0,41600.0,1502800.0,2429100.0,58,50300.0,High,0.0627,0.1226,20197000.0,Aggressive
43,Female,Single,0,125900.0,65600.0,5600400.0,19397300.0,60,103000.0,High,0.0673,0.117,52250000.0,Aggressive
42,Male,Married,1,298800.0,189800.0,13988200.0,17210900.0,60,240500.0,High,0.0611,0.1186,113723000.0,Aggressive
48,Female,Married,2,31600.0,23200.0,2768700.0,1082500.0,65,24800.0,Low,0.0631,0.0748,14038000.0,Conservative
52,Female,Married,3,68700.0,39200.0,1193500.0,1645100.0,58,54000.0,Low,0.06,0.0731,19617000.0,Conservative
27,Female,Married,3,36000.0,20300.0,933600.0,1133500.0,60,29000.0,High,0.0679,0.1201,42328000.0,Aggressive
48,Male,Single,0,190100.0,119600.0,10104200.0,22631600.0,55,136000.0,Medium,0.0719,0.0959,56363000.0,Aggressive
55,Female,Married,1,51400.0,22400.0,3029400.0,4317600.0,60,44200.0,Medium,0.071,0.0951,14806000.0,Moderate
33,Male,Married,1,30800.0,15100.0,1631400.0,2779400.0,60,20000.0,Low,0.0697,0.0678,34616000.0,Moderate
28,Male,Married,3,107200.0,77400.0,1388700.0,5894400.0,58,92700.0,Low,0.0503,0.07,106159000.0,Moderate
31,Male,Married,3,208300.0,132200.0,1657500.0,8332300.0,62,146400.0,Medium,0.0728,0.0975,271653000.0,Moderate
38,Male,Married,1,108900.0,44100.0,5556700.0,11009800.0,55,69400.0,Low,0.0569,0.0694,54573000.0,Moderate
47,Female,Married,2,82700.0,39000.0,3110600.0,13516000.0,60,64500.0,High,0.0722,0.1221,27353000.0,Aggressive
42,Male,Married,0,93500.0,59700.0,954000.0,2848100.0,58,66600.0,Low,0.0549,0.0658,43055000.0,Conservative
49,Female,Single,0,170900.0,114100.0,5347700.0,12018900.0,60,144400.0,High,0.061,0.117,43077000.0,Aggressive
23,Female,Married,0,43300.0,30000.0,300900.0,571300.0,55,31600.0,High,0.0687,0.1163,52644000.0,Aggressive
22,Male,Married,3,68400.0,34400.0,811900.0,954600.0,62,54800.0,Medium,0.066,0.0922,148838000.0,Moderate
57,Female,Married,3,55700.0,40400.0,1569000.0,7019500.0,62,38600.0,Medium,0.0604,0.1014,9564000.0,Aggressive
47,Female,Single,0,36300.0,21500.0,1562500.0,2407500.0,62,24100.0,Medium,0.067,0.0986,12697000.0,Moderate
50,Male,Married,0,60100.0,38700.0,3091000.0,7845900.0,58,43100.0,Low,0.0637,0.0646,22661000.0,Moderate
42,Female,Single,0,142100.0,86500.0,5940400.0,14741300.0,60,111100.0,Medium,0.0569,0.0972,57827000.0,Aggressive
32,Female,Married,3,102700.0,45500.0,5710400.0,6424000.0,55,81900.0,Medium,0.0662,0.093,92172000.0,Aggressive
32,Female,Married,3,107600.0,79300.0,928300.0,2357200.0,62,83200.0,Medium,0.0551,0.0916,77537000.0,Moderate
57,Female,Married,0,79800.0,35400.0,8127500.0,9090000.0,60,71500.0,Medium,0.0673,0.0876,20061000.0,Aggressive
56,Male,Single,1,100100.0,49000.0,6602000.0,8999700.0,60,80800.0,Medium,0.0501,0.0999,17423000.0,Moderate
55,Female,Married,2,45200.0,31000.0,3825100.0,5084100.0,60,39800.0,Medium,0.0637,0.0882,12230000.0,Aggressive
45,Female,Married,0,60700.0,37400.0,2586900.0,9273200.0,55,38600.0,Medium,0.06,0.0947,16092000.0,Aggressive
43,Female,Married,0,82100.0,56900.0,3484400.0,6923200.0,60,50800.0,Medium,0.0576,0.0903,27505000.0,Aggressive
26,Female,Married,3,86400.0,50200.0,2776800.0,656500.0,58,59900.0,Medium,0.0629,0.0989,86544000.0,Moderate
54,Male,Married,0,88600.0,47100.0,8187000.0,8969400.0,65,56800.0,High,0.0661,0.1183,17893000.0,Aggressive
57,Female,Married,1,67300.0,48600.0,2316900.0,11961800.0,62,51000.0,Medium,0.0741,0.0943,15794000.0,Aggressive
41,Male,Single,1,58300.0,24100.0,1318400.0,6877700.0,60,44100.0,Medium,0.0708,0.0945,37691000.0,Aggressive
40,Female,Single,0,486300.0,340200.0,20507700.0,35000000.0,65,375700.0,Medium,0.0679,0.0965,371167000.0,Moderate
56,Male,Married,1,126000.0,60600.0,12052300.0,8880100.0,58,103800.0,Medium,0.062,0.0951,25102000.0,Moderate
38,Male,Married,2,93700.0,65300.0,2682700.0,6543900.0,65,83500.0,Medium,0.0598,0.0948,71994000.0,Aggressive
55,Male,Married,1,63600.0,28500.0,4542200.0,7982300.0,58,54900.0,Low,0.0508,0.0674,16897000.0,Moderate
30,Male,Single,0,55800.0,33700.0,2103900.0,4857100.0,60,35500.0,High,0.059,0.1121,34291000.0,Aggressive
47,Male,Single,0,67600.0,48100.0,4887100.0,8008100.0,60,47400.0,Low,0.0712,0.0644,31794000.0,Moderate
23,Female,Married,2,87200.0,49300.0,961200.0,1593500.0,55,59000.0,Medium,0.0596,0.0986,81708000.0,Moderate
30,Female,Single,0,25000.0,16500.0,596700.0,1202400.0,58,16300.0,Low,0.0615,0.0685,24614000.0,Moderate
30,Female,Married,3,28500.0,19400.0,1408400.0,1071700.0,55,21800.0,Low,0.0568,0.0667,28512000.0,Conservative
38,Male,Single,0,49900.0,32800.0,2351500.0,5500600.0,65,38200.0,High,0.0569,0.113,23272000.0,Aggressive
22,Female,Married,3,82800.0,59900.0,1130800.0,1150000.0,58,55300.0,Medium,0.0515,0.0864,70812000.0,Moderate
46,Male,Married,0,63400.0,35300.0,2335600.0,10619900.0,60,51600.0,High,0.0653,0.1165,20997000.0,Aggressive
46,Male,Single,0,177500.0,81800.0,11060200.0,15601200.0,60,145500.0,Low,0.0612,0.0744,87417000.0,Moderate
56,Female,Married,2,30000.0,12500.0,1071400.0,1119000.0,58,18200.0,Low,0.0651,0.0672,6604000.0,Conservative
24,Female,Single,0,46600.0,22700.0,390200.0,1272600.0,60,33500.0,Low,0.0637,0.072,85574000.0,Conservative
58,Male,Married,1,182100.0,82000.0,14679700.0,6294700.0,60,157900.0,Medium,0.07,0.092,45804000.0,Moderate
51,Male,Married,2,79100.0,47100.0,4405500.0,5076900.0,58,59800.0,High,0.0688,0.1232,15892000.0,Aggressive
59,Female,Married,1,124400.0,57800.0,9785900.0,11707100.0,60,87600.0,Medium,0.0693,0.0932,20505000.0,Moderate
55,Female,Married,3,250400.0,103600.0,9078000.0,35000000.0,58,169300.0,Medium,0.0625,0.0888,46265000.0,Aggressive
33,Female,Married,1,48200.0,19900.0,1851100.0,2818800.0,58,32400.0,High,0.0588,0.1187,22309000.0,Aggressive
40,Female,Single,0,68900.0,47600.0,2661000.0,1416800.0,60,43400.0,Low,0.0733,0.0792,48469000.0,Conservative
58,Male,Single,0,62100.0,37700.0,4304000.0,8835100.0,60,52500.0,Medium,0.0514,0.1039,9591000.0,Aggressive
38,Female,Married,3,25000.0,13100.0,665400.0,1590200.0,65,15600.0,Medium,0.0538,0.0974,10541000.0,Moderate
31,Female,Married,3,60700.0,43300.0,2448700.0,5281100.0,62,41700.0,Low,0.0605,0.0693,62053000.0,Moderate
33,Female,Married,0,124100.0,52700.0,6130600.0,7318700.0,60,76200.0,Low,0.0653,0.0715,113268000.0,Moderate
37,Male,Married,3,101100.0,75100.0,2411500.0,9546800.0,58,84400.0,Low,0.0502,0.0716,57707000.0,Moderate
45,Male,Married,3,106000.0,65300.0,3461900.0,5436000.0,58,64800.0,High,0.068,0.1198,26951000.0,Aggressive
40,Male,Married,0,58400.0,27100.0,3116600.0,6530600.0,58,40400.0,Medium,0.064,0.0972,27541000.0,Aggressive
29,Male,Married,1,49300.0,31400.0,1712500.0,2988600.0,60,38100.0,High,0.0621,0.121,38468000.0,Aggressive
52,Female,Married,3,156600.0,104500.0,11378300.0,27587100.0,62,113200.0,Medium,0.0606,0.0934,38966000.0,Aggressive
42,Male,Married,2,54300.0,29900.0,3138200.0,1226800.0,58,37200.0,Medium,0.063,0.089,23638000.0,Moderate
38,Female,Single,0,87200.0,61200.0,2889800.0,5911800.0,58,59500.0,Medium,0.054,0.0927,35525000.0,Aggressive
44,Female,Single,0,80700.0,36500.0,3148400.0,9250900.0,60,67700.0,High,0.0527,0.124,22933000.0,Aggressive
58,Female,Single,0,175800.0,87500.0,6410100.0,7688200.0,55,156800.0,Low,0.0572,0.0698,50630000.0,Conservative
37,Female,Single,0,131000.0,56700.0,2287900.0,8004100.0,60,92300.0,Medium,0.0677,0.0965,90484000.0,Moderate
27,Male,Single,0,33600.0,15900.0,982800.0,2094000.0,60,20600.0,Medium,0.0647,0.0936,35808000.0,Aggressive
29,Male,Married,1,35900.0,17400.0,331600.0,1452800.0,60,21900.0,High,0.062,0.1147,23807000.0,Aggressive
46,Male,Married,2,103500.0,74600.0,8622100.0,17194600.0,58,85700.0,High,0.0643,0.1188,31138000.0,Aggressive
39,Female,Married,3,70400.0,30100.0,4419900.0,1637900.0,65,53900.0,Medium,0.064,0.0899,48173000.0,Moderate
46,Female,Married,0,55700.0,30600.0,4289600.0,7046300.0,55,46500.0,Low,0.0577,0.0646,25786000.0,Moderate
33,Female,Single,0,134500.0,78900.0,7363400.0,8948100.0,62,108800.0,Low,0.0524,0.076,103066000.0,Moderate
36,Female,Single,0,81800.0,58400.0,2613100.0,5583800.0,58,71400.0,High,0.0724,0.1179,64898000.0,Aggressive
47,Female,Single,0,75500.0,56600.0,5869100.0,12687100.0,62,65400.0,Medium,0.065,0.0913,32133000.0,Aggressive
47,Male,Married,0,116800.0,77500.0,2644900.0,4715600.0,60,97700.0,Low,0.0674,0.0781,60252000.0,Conservative
53,Female,Single,0,58400.0,43200.0,762900.0,10410800.0,58,43400.0,High,0.0616,0.1241,9143000.0,Aggressive
31,Male,Single,0,187400.0,126600.0,8184700.0,12751500.0,62,129800.0,Low,0.0689,0.0681,278460000.0,Moderate
37,Female,Married,3,45600.0,33600.0,564600.0,2013900.0,60,34300.0,Medium,0.0646,0.0971,30621000.0,Moderate
28,Female,Married,1,108500.0,70300.0,4735100.0,7260300.0,55,81400.0,Medium,0.0513,0.0938,65418000.0,Aggressive
38,Male,Single,0,172900.0,74000.0,8850200.0,11356500.0,58,135400.0,Low,0.0723,0.0665,163096000.0,Conservative
44,Male,Married,0,32000.0,17300.0,2109600.0,4275800.0,60,21000.0,Medium,0.0576,0.0974,10021000.0,Aggressive
47,Female,Married,3,59500.0,37300.0,1765000.0,4742700.0,60,47400.0,Low,0.0534,0.0684,22771000.0,Conservative
42,Female,Married,1,145100.0,75900.0,8294200.0,19017600.0,60,106900.0,Medium,0.0522,0.0954,49390000.0,Aggressive
43,Female,Married,0,146400.0,72600.0,1805700.0,15469300.0,60,115100.0,Medium,0.068,0.1001,72288000.0,Aggressive
28,Female,Single,0,66000.0,39700.0,2490500.0,1180300.0,60,44300.0,Low,0.0676,0.0746,105916000.0,Conservative
35,Male,Single,1,47100.0,34200.0,800500.0,3795300.0,60,34400.0,High,0.0675,0.1172,32187000.0,Aggressive
36,Female,Married,1,129800.0,53500.0,6390300.0,4558900.0,60,86100.0,Medium,0.0729,0.0974,108947000.0,Moderate
28,Male,Married,2,148800.0,99600.0,2038100.0,5259200.0,58,128400.0,Low,0.0587,0.0644,204554000.0,Conservative
30,Female,Married,1,36400.0,23800.0,318700.0,855100.0,65,27200.0,Low,0.064,0.0723,54272000.0,Conservative
29,Male,Married,0,35500.0,26200.0,911400.0,397600.0,55,23700.0,Low,0.0655,0.0707,41360000.0,Conservative
44,Male,Married,0,83700.0,60700.0,1848500.0,4097300.0,58,51300.0,High,0.0745,0.1219,27221000.0,Aggressive
50,Female,Married,3,106700.0,71100.0,7718800.0,11660700.0,60,85700.0,Low,0.0578,0.0685,40055000.0,Moderate
39,Male,Married,1,61100.0,35600.0,1461400.0,4546400.0,60,40600.0,Medium,0.0739,0.1054,38194000.0,Aggressive
52,Female,Married,1,109900.0,51800.0,4502300.0,11869100.0,55,98600.0,High,0.0537,0.1155,19474000.0,Aggressive
51,Male,Single,0,47800.0,28200.0,2851900.0,3045600.0,55,36300.0,Medium,0.0691,0.0999,10719000.0,Moderate
56,Female,Married,0,25000.0,16700.0,956200.0,3748600.0,60,17200.0,Medium,0.0658,0.0898,4932000.0,Aggressive
39,Male,Single,0,56700.0,40500.0,1881400.0,5739600.0,65,45200.0,High,0.0704,0.1225,40559000.0,Aggressive
38,Female,Single,0,76000.0,51400.0,4575200.0,4362400.0,60,51900.0,Medium,0.0507,0.0979,28395000.0,Moderate
35,Female,Married,1,62000.0,29000.0,1088100.0,6467400.0,60,52500.0,Low,0.052,0.0703,44242000.0,Moderate
52,Male,Single,0,36500.0,22300.0,662800.0,4822800.0,58,25300.0,Medium,0.0517,0.0925,6795000.0,Aggressive
45,Male,Single,0,25000.0,12900.0,869700.0,3065600.0,58,22400.0,High,0.0648,0.1207,8260000.0,Aggressive
56,Male,Single,0,53700.0,21700.0,2752400.0,4054800.0,55,42000.0,Medium,0.0651,0.0963,11075000.0,Moderate
55,Male,Married,2,125300.0,58900.0,7689200.0,3077000.0,58,106900.0,Medium,0.0727,0.1039,30280000.0,Moderate
24,Female,Married,2,155400.0,68300.0,1749100.0,5190900.0,60,96600.0,High,0.0617,0.1156,142558000.0,Aggressive
58,Male,Married,2,149100.0,103600.0,13095700.0,27002500.0,58,105000.0,Medium,0.0517,0.0922,22269000.0,Aggressive
47,Female,Single,0,44800.0,22000.0,588900.0,1764800.0,55,36800.0,Low,0.0552,0.0714,16983000.0,Conservative
44,Male,Married,2,36600.0,18300.0,1529300.0,2626200.0,60,29200.0,Low,0.0502,0.0687,15032000.0,Conservative
36,Female,Married,1,98500.0,72500.0,2991200.0,8421300.0,62,64800.0,Medium,0.0694,0.0945,76306000.0,Aggressive
25,Female,Single,0,107100.0,57100.0,2293000.0,3591500.0,65,75700.0,Low,0.0704,0.0754,270420000.0,Conservative
50,Female,Married,0,93000.0,37500.0,8592400.0,15058100.0,60,63200.0,High,0.0749,0.1059,28398000.0,Aggressive
43,Female,Single,0,25000.0,12500.0,1164700.0,945400.0,55,19600.0,Medium,0.0603,0.092,8986000.0,Moderate
46,Male,Married,0,43500.0,19200.0,3791200.0,3648300.0,60,30600.0,Medium,0.0505,0.0863,11986000.0,Moderate
34,Male,Married,0,71800.0,31300.0,1700300.0,1638700.0,58,49700.0,Medium,0.0559,0.089,41644000.0,Moderate
39,Female,Married,0,98000.0,41900.0,1007700.0,6206800.0,60,64900.0,Medium,0.0647,0.107,46061000.0,Moderate
54,Male,Single,0,115900.0,70400.0,3049100.0,3089800.0,60,83800.0,Medium,0.074,0.098,30036000.0,Moderate
37,Male,Married,2,79700.0,37200.0,2568800.0,9211400.0,60,52500.0,Low,0.0526,0.0748,38115000.0,Moderate
23,Female,Married,3,89200.0,47000.0,629900.0,1301900.0,65,79300.0,Medium,0.053,0.0946,116115000.0,Moderate
56,Male,Married,1,77000.0,54000.0,1595200.0,13859600.0,60,49800.0,High,0.0675,0.1238,10197000.0,Aggressive
55,Male,Married,1,110300.0,60500.0,5653600.0,3881100.0,60,96400.0,Medium,0.0667,0.0862,29941000.0,Moderate
51,Male,Married,2,88200.0,63500.0,3519500.0,5323800.0,58,64300.0,Medium,0.0563,0.1002,18554000.0,Moderate
34,Female,Single,0,76100.0,43700.0,1044400.0,2942600.0,65,54300.0,Low,0.0703,0.0659,106115000.0,Conservative
34,Male,Married,0,62300.0,33600.0,1454100.0,3184000.0,58,41700.0,High,0.0532,0.1173,22571000.0,Aggressive
39,Female,Married,3,76800.0,50900.0,5124400.0,8686100.0,65,60700.0,High,0.0731,0.1225,57901000.0,Aggressive
53,Male,Married,0,97800.0,41600.0,3720600.0,8831100.0,58,78800.0,Medium,0.055,0.0966,21366000.0,Moderate
53,Male,Single,1,85900.0,37100.0,6420000.0,5058400.0,58,63600.0,Medium,0.052,0.0954,15746000.0,Moderate
56,Male,Married,0,91900.0,57700.0,6319300.0,3377400.0,62,56700.0,Medium,0.0585,0.0882,16027000.0,Moderate
50,Female,Single,0,163700.0,93400.0,7653000.0,5740200.0,55,143300.0,Medium,0.0547,0.0955,41437000.0,Moderate
50,Female,Married,1,85700.0,58000.0,2641300.0,12479700.0,62,76600.0,High,0.0632,0.1248,23769000.0,Aggressive
37,Male,Married,0,49500.0,35700.0,1515300.0,3213500.0,58,36100.0,Low,0.0672,0.0673,41915000.0,Moderate
31,Female,Married,3,124300.0,66600.0,4278500.0,8815000.0,62,97500.0,Medium,0.0623,0.1016,119381000.0,Aggressive
51,Male,Single,0,32200.0,19600.0,1319900.0,4373400.0,60,23700.0,Low,0.0665,0.0656,11650000.0,Moderate
46,Female,Married,0,38200.0,22000.0,1017700.0,1537200.0,60,26600.0,Medium,0.0591,0.095,11847000.0,Moderate
41,Female,Single,1,89500.0,66500.0,1507200.0,3217300.0,58,55800.0,Medium,0.0507,0.1027,21952000.0,Moderate
26,Male,Single,0,99700.0,68900.0,3205600.0,4493400.0,55,73500.0,Low,0.0744,0.0666,197277000.0,Moderate
22,Male,Married,3,34600.0,24900.0,313000.0,652800.0,62,29300.0,Medium,0.0705,0.1003,90374000.0,Moderate
51,Male,Married,1,58100.0,28400.0,3755600.0,4958300.0,58,35200.0,Low,0.0518,0.0799,11811000.0,Conservative
24,Male,Married,0,50800.0,34100.0,707400.0,362100.0,58,39400.0,Medium,0.0612,0.0959,64993000.0,Moderate
35,Female,Married,2,54600.0,26900.0,3142100.0,831000.0,60,47200.0,Low,0.0659,0.0674,66523000.0,Conservative
51,Female,Married,3,128800.0,60900.0,7457000.0,9071400.0,60,85700.0,Medium,0.0548,0.0911,27868000.0,Moderate
25,Female,Married,3,111700.0,81600.0,1875200.0,691600.0,58,73200.0,Medium,0.0644,0.1015,119235000.0,Moderate
39,Male,Single,0,72300.0,29400.0,5006200.0,3190300.0,58,60100.0,High,0.0633,0.1264,31386000.0,Aggressive
58,Male,Married,2,52700.0,38900.0,4273500.0,5533300.0,58,35700.0,High,0.0552,0.1272,5324000.0,Aggressive
46,Female,Married,0,32500.0,14700.0,602600.0,1240700.0,62,21400.0,Low,0.0535,0.0698,10572000.0,Conservative
22,Male,Single,0,171500.0,117800.0,830600.0,907900.0,55,122300.0,Low,0.069,0.0752,376746000.0,Conservative
36,Female,Single,1,104300.0,51800.0,5695400.0,11545200.0,65,74900.0,Medium,0.0581,0.0948,67166000.0,Aggressive
30,Female,Married,3,47900.0,25000.0,2082800.0,2648800.0,58,41300.0,Medium,0.0561,0.0906,40434000.0,Aggressive
36,Female,Single,0,112600.0,53600.0,4517700.0,12922700.0,58,88500.0,Low,0.0684,0.0756,115807000.0,Moderate
45,Female,Single,0,70100.0,42400.0,3654800.0,4879700.0,60,50600.0,Low,0.0684,0.0782,35662000.0,Conservative
25,Female,Single,1,61600.0,32100.0,1292200.0,2131300.0,55,46800.0,Medium,0.0569,0.0899,55818000.0,Moderate
33,Male,Married,3,95000.0,59900.0,2843900.0,3004700.0,60,84200.0,High,0.0718,0.1148,99959000.0,Aggressive
58,Male,Married,3,46900.0,19000.0,3625300.0,6685800.0,62,29700.0,High,0.0672,0.1202,6363000.0,Aggressive
58,Male,Single,0,59500.0,25100.0,1333600.0,2989000.0,55,39400.0,Low,0.0586,0.0748,11410000.0,Conservative
27,Female,Married,2,78700.0,34200.0,3058600.0,629600.0,60,69900.0,Medium,0.0607,0.0893,103138000.0,Moderate
45,Female,Married,1,54200.0,29600.0,3639700.0,8355800.0,58,48100.0,Low,0.0682,0.0711,34575000.0,Moderate
32,Female,Married,2,109300.0,74900.0,4181800.0,6617300.0,58,71400.0,Medium,0.0553,0.092,57954000.0,Aggressive
34,Female,Single,0,224500.0,159600.0,5491400.0,23324100.0,58,144500.0,High,0.0617,0.1235,96250000.0,Aggressive
55,Male,Married,3,46500.0,22600.0,1222200.0,3919800.0,65,33800.0,High,0.0663,0.116,9237000.0,Aggressive
46,Male,Married,1,26900.0,16200.0,1126700.0,1849100.0,58,16500.0,Medium,0.0635,0.0989,7442000.0,Moderate
28,Female,Married,0,25000.0,16700.0,770700.0,865500.0,62,19900.0,Low,0.0652,0.0692,43423000.0,Conservative
25,Female,Single,0,66800.0,33500.0,1404500.0,2393300.0,60,41600.0,Medium,0.0637,0.0903,77058000.0,Moderate
29,Female,Married,2,49100.0,26700.0,1055100.0,2437800.0,55,30300.0,High,0.055,0.1203,18950000.0,Aggressive
41,Male,Married,0,82800.0,48300.0,4263400.0,11316600.0,60,61700.0,Low,0.0603,0.0603,52101000.0,Moderate
50,Male,Married,0,79200.0,35400.0,6294700.0,2081800.0,62,70300.0,Medium,0.0633,0.0922,28426000.0,Moderate
31,Male,Single,0,27900.0,11400.0,202600.0,1937300.0,60,20300.0,Medium,0.0695,0.0967,33178000.0,Aggressive
55,Female,Single,0,25000.0,11300.0,1322700.0,2091700.0,60,17700.0,Medium,0.0663,0.0861,5399000.0,Moderate
47,Female,Married,0,87300.0,54100.0,6170700.0,4194800.0,62,78500.0,High,0.0607,0.1071,32171000.0,Aggressive
24,Male,Married,3,79300.0,33800.0,1204300.0,1710200.0,58,60200.0,Medium,0.0744,0.0833,200045000.0,Moderate
27,Female,Single,0,56600.0,26400.0,1572400.0,2097800.0,65,40300.0,Medium,0.0527,0.1016,42695000.0,Moderate
26,Male,Married,3,27100.0,14000.0,556500.0,374400.0,62,19400.0,Medium,0.0552,0.0946,24694000.0,Moderate
26,Female,Single,1,97000.0,41400.0,3466800.0,1658400.0,60,63900.0,High,0.0585,0.1173,69072000.0,Aggressive
44,Male,Married,2,156900.0,73300.0,2115000.0,12009400.0,62,118300.0,High,0.0557,0.1247,46224000.0,Aggressive
30,Female,Married,3,86400.0,62100.0,2408700.0,3608500.0,60,63200.0,High,0.0656,0.118,70181000.0,Aggressive
56,Male,Married,0,44000.0,17900.0,888400.0,3645400.0,60,30000.0,Low,0.051,0.0713,8030000.0,Conservative
41,Male,Married,0,75100.0,47200.0,1491600.0,2754400.0,60,48700.0,High,0.0544,0.1201,19233000.0,Aggressive
56,Male,Single,0,32200.0,17200.0,1526200.0,827100.0,58,22300.0,Medium,0.0573,0.0926,5329000.0,Moderate
39,Male,Married,0,138000.0,87700.0,2554000.0,18389100.0,60,103900.0,Low,0.0671,0.0715,113890000.0,Moderate
38,Male,Single,0,76800.0,46500.0,5351100.0,9630000.0,58,47400.0,Low,0.0719,0.0739,58759000.0,Moderate
45,Male,Married,0,25300.0,12100.0,2080700.0,2264500.0,60,16300.0,Medium,0.07,0.0941,10378000.0,Aggressive
24,Female,Married,3,61100.0,42600.0,637500.0,2305200.0,58,54000.0,Medium,0.0546,0.0927,65969000.0,Aggressive
53,Female,Married,1,96600.0,55300.0,6581100.0,13511700.0,58,73700.0,High,0.0641,0.1183,17249000.0,Aggressive
56,Female,Single,0,59900.0,41200.0,3681400.0,2243700.0,58,37100.0,Medium,0.0508,0.0835,8781000.0,Moderate
59,Male,Married,0,62000.0,33600.0,5675600.0,3024900.0,62,50100.0,Low,0.0578,0.0714,14878000.0,Conservative
34,Male,Single,0,35100.0,26100.0,1463800.0,3609500.0,58,21700.0,Medium,0.0701,0.089,28884000.0,Aggressive
46,Female,Single,0,102700.0,68800.0,1008300.0,11656900.0,60,84400.0,Low,0.0614,0.0731,53597000.0,Moderate
30,Male,Married,3,49600.0,36600.0,1993600.0,3722100.0,58,40900.0,Medium,0.0537,0.0945,36108000.0,Aggressive
25,Male,Married,0,25000.0,14500.0,604000.0,1100100.0,60,19900.0,Medium,0.061,0.0955,32005000.0,Aggressive
35,Male,Married,0,58500.0,33100.0,2142100.0,3504200.0,58,48000.0,High,0.055,0.1235,24036000.0,Aggressive
58,Male,Married,0,131800.0,87600.0,13006100.0,4602900.0,58,82600.0,Medium,0.0598,0.0904,19645000.0,Moderate
55,Male,Single,0,58000.0,41100.0,5509300.0,3375700.0,60,47400.0,High,0.0622,0.1218,10182000.0,Aggressive
32,Female,Married,1,207500.0,153000.0,6812800.0,3688100.0,60,133000.0,High,0.0587,0.1213,101428000.0,Aggressive
24,Female,Married,1,94600.0,48600.0,1569000.0,1025500.0,58,66400.0,Medium,0.0734,0.0941,184126000.0,Moderate
49,Female,Single,0,89600.0,60900.0,8354400.0,7788500.0,60,79100.0,Medium,0.0641,0.0904,32600000.0,Moderate
50,Female,Married,3,67700.0,32100.0,2429200.0,2799600.0,62,50800.0,Medium,0.0711,0.098,24963000.0,Moderate
30,Female,Married,0,70200.0,41500.0,1428400.0,1630000.0,58,62500.0,Low,0.069,0.0735,122279000.0,Conservative
24,Male,Married,0,62400.0,28900.0,434600.0,1211400.0,55,39100.0,High,0.0665,0.1206,50481000.0,Aggressive
46,Male,Married,3,61000.0,31800.0,4881200.0,4305000.0,60,45300.0,High,0.0624,0.1146,18297000.0,Aggressive
55,Male,Married,0,100600.0,73000.0,8039700.0,10893900.0,55,62200.0,Low,0.0501,0.0674,17959000.0,Moderate
33,Male,Married,2,41700.0,18800.0,510400.0,2187000.0,65,32900.0,High,0.0653,0.1197,37587000.0,Aggressive
30,Female,Married,0,38300.0,23800.0,1918300.0,2291100.0,60,23900.0,Low,0.0589,0.0734,34481000.0,Moderate
36,Female,Single,1,37300.0,22700.0,1911400.0,4291700.0,60,24300.0,High,0.0529,0.1121,13748000.0,Aggressive
46,Female,Married,0,249500.0,110300.0,19078000.0,9024300.0,60,169100.0,Medium,0.0611,0.0922,81337000.0,Moderate
26,Male,Married,1,100500.0,51700.0,556900.0,1196900.0,60,82900.0,High,0.0684,0.118,136101000.0,Aggressive
32,Female,Married,3,87800.0,52400.0,2798500.0,7606600.0,55,57000.0,Medium,0.074,0.0946,78656000.0,Aggressive
55,Male,Married,1,38800.0,18100.0,2937100.0,4471100.0,65,33100.0,Medium,0.0594,0.0885,10531000.0,Aggressive
45,Female,Married,0,106300.0,72300.0,5448300.0,13853800.0,60,68000.0,Low,0.0636,0.0689,48180000.0,Moderate
36,Female,Married,0,68200.0,50500.0,3232200.0,2571400.0,58,41600.0,Low,0.0713,0.0684,56857000.0,Conservative
59,Male,Single,0,83200.0,39500.0,7634800.0,15420400.0,60,59800.0,Low,0.0583,0.0648,17124000.0,Moderate
29,Male,Married,0,40700.0,18900.0,860300.0,3051200.0,58,36400.0,High,0.0536,0.1194,24678000.0,Aggressive
26,Female,Married,0,80500.0,45000.0,2508200.0,3140400.0,55,51000.0,Low,0.057,0.0673,79024000.0,Moderate
47,Female,Single,1,56700.0,37500.0,1306000.0,2084600.0,60,35800.0,Medium,0.0725,0.0975,19781000.0,Moderate
39,Male,Married,1,46200.0,23000.0,1206600.0,5739400.0,60,38100.0,High,0.054,0.1156,17283000.0,Aggressive
27,Female,Married,2,113600.0,46200.0,684200.0,6097200.0,60,78800.0,High,0.0582,0.1204,81130000.0,Aggressive
58,Female,Married,1,29100.0,17200.0,1367300.0,4876800.0,58,23700.0,Low,0.0616,0.066,8012000.0,Moderate
34,Male,Single,0,102600.0,75400.0,2871300.0,1735200.0,60,67700.0,High,0.0712,0.117,75790000.0,Aggressive
49,Female,Single,0,110300.0,59200.0,8530700.0,16397600.0,55,81400.0,Low,0.0734,0.0715,40639000.0,Moderate
26,Male,Married,0,43100.0,23600.0,1073200.0,597600.0,60,29300.0,Medium,0.0606,0.0962,43540000.0,Moderate
34,Female,Single,0,44700.0,33000.0,1391700.0,1566900.0,60,32900.0,Medium,0.0733,0.0929,51775000.0,Moderate
38,Male,Married,1,64000.0,41200.0,3183100.0,5302300.0,60,53200.0,Low,0.054,0.0687,41179000.0,Moderate
53,Female,Married,2,86600.0,56400.0,1371500.0,6001700.0,62,71800.0,Low,0.0539,0.0627,29489000.0,Conservative
50,Male,Single,0,66700.0,39800.0,1723900.0,8643500.0,62,50300.0,Medium,0.0737,0.102,23167000.0,Aggressive
24,Female,Single,0,94900.0,70300.0,1614700.0,2355800.0,65,83400.0,Medium,0.0627,0.0984,183454000.0,Moderate
55,Male,Married,2,210600.0,135000.0,14834500.0,9231900.0,65,143000.0,High,0.0546,0.1233,31760000.0,Aggressive
48,Female,Married,2,53900.0,38400.0,3953800.0,6636300.0,60,36200.0,Medium,0.0622,0.087,17947000.0,Aggressive
34,Female,Married,2,26100.0,16800.0,763800.0,2704000.0,65,20500.0,High,0.0696,0.117,27236000.0,Aggressive
54,Female,Married,3,120000.0,78900.0,9205400.0,6282600.0,62,94400.0,Medium,0.0707,0.0933,35221000.0,Moderate
27,Female,Single,0,200800.0,100700.0,5811700.0,8509900.0,60,123300.0,High,0.0716,0.1103,230834000.0,Aggressive
45,Female,Married,3,92600.0,46900.0,7733600.0,6393000.0,55,72400.0,Medium,0.0642,0.0994,30687000.0,Moderate
40,Female,Married,3,38100.0,25700.0,879700.0,2829700.0,55,27100.0,High,0.0717,0.1273,13748000.0,Aggressive
37,Female,Married,2,67900.0,34200.0,2847200.0,3211200.0,62,56000.0,Low,0.0628,0.0803,57780000.0,Conservative
49,Female,Married,1,37400.0,22300.0,2259800.0,2915700.0,60,31500.0,Medium,0.0652,0.0898,13549000.0,Moderate
54,Female,Married,2,107600.0,52400.0,10943000.0,3129900.0,62,82400.0,Low,0.069,0.0706,35978000.0,Conservative
34,Male,Single,1,32500.0,22300.0,587600.0,3550000.0,58,19500.0,Low,0.0606,0.0766,20487000.0,Moderate
46,Male,Married,1,61100.0,26800.0,3104500.0,6887600.0,58,48300.0,Medium,0.0518,0.0937,17679000.0,Aggressive
57,Female,Single,0,40000.0,27600.0,1784000.0,4732700.0,60,33000.0,Medium,0.0588,0.0922,8283000.0,Aggressive
48,Male,Single,0,78900.0,48200.0,4189800.0,6376100.0,65,53200.0,Low,0.0656,0.0607,36492000.0,Conservative
59,Female,Married,1,58700.0,27300.0,2040300.0,7616600.0,55,43400.0,Medium,0.0548,0.1007,9205000.0,Aggressive
28,Female,Married,1,81300.0,47900.0,550000.0,2706800.0,62,72300.0,Medium,0.0537,0.0949,75059000.0,Moderate
26,Male,Married,2,74100.0,37000.0,1654100.0,1858600.0,60,51100.0,Low,0.0573,0.0664,92077000.0,Conservative
52,Female,Married,3,40500.0,20800.0,1635700.0,4116500.0,58,27000.0,Medium,0.0508,0.0964,7021000.0,Aggressive
44,Female,Married,0,106500.0,55700.0,2453200.0,6172900.0,58,70600.0,Medium,0.0686,0.0958,40789000.0,Moderate
31,Male,Single,0,71000.0,30000.0,1530000.0,1847100.0,55,54500.0,Low,0.0565,0.0708,60089000.0,Conservative
53,Male,Married,1,40400.0,30100.0,627200.0,4834300.0,55,35800.0,High,0.0531,0.1189,6359000.0,Aggressive
51,Female,Married,3,280600.0,115300.0,25000000.0,35000000.0,60,219600.0,Medium,0.0675,0.1031,83530000.0,Aggressive
52,Male,Married,1,97300.0,61500.0,6021300.0,4764200.0,55,67200.0,High,0.0711,0.1193,16541000.0,Aggressive
39,Male,Married,1,66700.0,35300.0,4135100.0,1358200.0,58,52800.0,Low,0.0505,0.0781,31527000.0,Conservative
57,Female,Single,0,170900.0,107000.0,8866900.0,12161900.0,62,134600.0,High,0.0558,0.1228,23988000.0,Aggressive
23,Male,Married,2,220800.0,115900.0,3632800.0,5421500.0,60,172000.0,Low,0.0736,0.0718,673987000.0,Conservative
35,Male,Married,0,67000.0,42600.0,2351200.0,6629000.0,60,43400.0,Medium,0.0596,0.0944,37216000.0,Aggressive
34,Female,Single,0,90100.0,59000.0,3490400.0,6446200.0,58,71200.0,Low,0.0735,0.0749,117435000.0,Moderate
50,Male,Married,3,40400.0,25900.0,2109700.0,6993600.0,62,29500.0,High,0.0569,0.1206,8040000.0,Aggressive
33,Male,Married,1,66900.0,29400.0,3047000.0,3608600.0,62,40500.0,Medium,0.0555,0.0903,35830000.0,Moderate
23,Female,Married,0,64900.0,40900.0,718200.0,1598600.0,60,49400.0,Low,0.0554,0.0652,96461000.0,Conservative
53,Female,Married,1,81700.0,40700.0,2886500.0,6104000.0,65,73300.0,Low,0.0521,0.0721,27618000.0,Conservative
34,Female,Single,1,89300.0,36600.0,1339000.0,3286600.0,62,62900.0,Low,0.0724,0.0655,113803000.0,Conservative
48,Male,Single,0,102300.0,55800.0,6102000.0,12309900.0,60,91000.0,Low,0.0745,0.0697,59910000.0,Moderate
38,Female,Single,0,84300.0,46500.0,3313600.0,5036400.0,60,53000.0,Medium,0.0739,0.1003,59469000.0,Moderate
52,Female,Married,1,35400.0,19900.0,685500.0,4571600.0,58,29000.0,Medium,0.0713,0.0965,10332000.0,Aggressive
55,Male,Single,1,41600.0,26900.0,1990600.0,3291700.0,58,26400.0,High,0.0712,0.1164,6179000.0,Aggressive
45,Female,Single,1,52700.0,26800.0,2587200.0,5738600.0,55,35900.0,High,0.0665,0.127,11656000.0,Aggressive
56,Female,Married,1,61700.0,31500.0,5479400.0,4641000.0,55,47600.0,Medium,0.0707,0.0977,12235000.0,Moderate
27,Female,Married,0,137400.0,57900.0,988600.0,1487300.0,58,106900.0,Low,0.0552,0.0751,145041000.0,Conservative
40,Female,Married,3,36400.0,23300.0,1170000.0,4756200.0,62,30300.0,Medium,0.0597,0.0837,22698000.0,Aggressive
51,Male,Single,0,59000.0,35300.0,4817500.0,9980000.0,58,46300.0,Medium,0.066,0.0967,16157000.0,Aggressive
28,Female,Single,0,129500.0,67600.0,3925400.0,9242600.0,65,100800.0,Medium,0.0719,0.0992,247959000.0,Aggressive
31,Female,Single,0,61100.0,39500.0,1217000.0,4284500.0,60,53400.0,Medium,0.0665,0.1035,72580000.0,Aggressive
53,Male,Married,1,96400.0,56700.0,8333000.0,13634700.0,58,70900.0,High,0.071,0.1127,19026000.0,Aggressive
55,Female,Married,1,67300.0,38000.0,3824600.0,8390000.0,60,44900.0,High,0.0618,0.126,9499000.0,Aggressive
49,Male,Married,1,85300.0,49400.0,4420600.0,3556300.0,58,55300.0,Low,0.0679,0.0782,29124000.0,Conservative
36,Male,Single,0,63800.0,39700.0,4207500.0,2226400.0,65,45900.0,Low,0.0745,0.0599,82422000.0,Conservative
51,Male,Married,3,109100.0,68800.0,10078300.0,7707700.0,62,88800.0,High,0.0538,0.1224,22721000.0,Aggressive
58,Female,Single,1,28900.0,14500.0,1341500.0,5603600.0,55,17700.0,High,0.0732,0.1231,3828000.0,Aggressive
50,Male,Married,2,58800.0,26400.0,1322100.0,2954800.0,65,37600.0,Low,0.0631,0.0684,20947000.0,Conservative
43,Male,Married,1,87400.0,39800.0,2888000.0,12654900.0,60,55200.0,Medium,0.0661,0.0925,36554000.0,Aggressive
25,Male,Married,1,100700.0,62800.0,433900.0,2823000.0,55,78100.0,Medium,0.0719,0.0983,160414000.0,Moderate
41,Female,Single,1,179100.0,126400.0,1820800.0,19641600.0,60,120500.0,Medium,0.0602,0.0919,77840000.0,Aggressive
53,Female,Single,0,57800.0,31400.0,2680200.0,2461400.0,60,37600.0,Low,0.0605,0.0689,15726000.0,Conservative
57,Female,Married,3,177700.0,81600.0,17931100.0,13379200.0,58,138200.0,High,0.0632,0.1241,24063000.0,Aggressive
25,Female,Single,0,49200.0,32700.0,1358500.0,2291000.0,60,40800.0,Medium,0.0505,0.1038,38983000.0,Aggressive
48,Female,Single,0,162300.0,112200.0,8427200.0,10150900.0,55,113600.0,Low,0.0624,0.0727,52533000.0,Conservative
38,Female,Single,0,119400.0,84600.0,5274400.0,6001700.0,60,92400.0,Medium,0.0573,0.0957,61657000.0,Moderate
33,Female,Single,1,42300.0,25900.0,293900.0,1310100.0,55,26600.0,Medium,0.0732,0.0924,34318000.0,Moderate
43,Male,Married,1,87900.0,61600.0,2194500.0,3189400.0,65,77400.0,High,0.0522,0.1149,31516000.0,Aggressive
38,Male,Married,3,70900.0,28700.0,679600.0,3043000.0,60,49700.0,Low,0.0615,0.0755,46187000.0,Conservative
31,Male,Single,1,106400.0,46600.0,4492000.0,6812000.0,58,95700.0,High,0.0737,0.1192,125473000.0,Aggressive
22,Male,Married,2,64000.0,27700.0,277100.0,833200.0,58,57200.0,Low,0.0725,0.0758,217904000.0,Conservative
43,Female,Married,1,60800.0,39500.0,4431400.0,5735600.0,58,50700.0,Medium,0.0675,0.0934,30664000.0,Aggressive
47,Male,Married,1,166300.0,70600.0,10221800.0,6530100.0,60,100800.0,Medium,0.0647,0.0918,48742000.0,Moderate
39,Male,Married,1,68900.0,39500.0,1610900.0,7786400.0,55,52600.0,Medium,0.057,0.0971,27778000.0,Aggressive
35,Male,Married,3,120100.0,67900.0,1958800.0,11332800.0,62,75200.0,Medium,0.0592,0.0946,68640000.0,Aggressive
50,Male,Single,0,63900.0,32500.0,4071700.0,1639600.0,65,55500.0,High,0.0523,0.114,17022000.0,Aggressive
33,Female,Married,2,198800.0,140100.0,10822100.0,9584700.0,60,166400.0,Medium,0.0697,0.1041,217614000.0,Moderate
57,Female,Married,0,48700.0,22400.0,3887700.0,1855400.0,58,43400.0,Medium,0.0581,0.0919,10033000.0,Moderate
56,Female,Married,0,50600.0,26500.0,2235500.0,8574900.0,58,39600.0,Low,0.0667,0.0746,13017000.0,Moderate
33,Male,Married,1,182500.0,122500.0,6899100.0,14786000.0,60,138100.0,Low,0.0589,0.0742,162861000.0,Moderate
28,Female,Married,3,56000.0,23000.0,956400.0,3748400.0,60,42300.0,Low,0.0616,0.0637,84634000.0,Moderate
50,Male,Married,1,191100.0,121500.0,18188000.0,11572200.0,60,136800.0,High,0.0639,0.115,47464000.0,Aggressive
32,Female,Single,0,124900.0,85600.0,5522200.0,6483200.0,60,92500.0,High,0.07,0.1185,110777000.0,Aggressive
54,Female,Married,1,66600.0,48400.0,4457000.0,3760900.0,58,52700.0,High,0.0553,0.1157,10825000.0,Aggressive
27,Female,Married,1,25000.0,17700.0,490400.0,733300.0,62,22000.0,Low,0.06,0.0786,38895000.0,Conservative
36,Female,Married,2,72300.0,37000.0,3216600.0,5103500.0,55,56300.0,Medium,0.0533,0.094,31836000.0,Aggressive
53,Female,Single,0,77700.0,47000.0,3229800.0,2545200.0,60,66600.0,Low,0.0519,0.0744,22625000.0,Conservative
32,Male,Married,2,147300.0,62900.0,1146700.0,10981800.0,60,126500.0,High,0.0651,0.1226,123994000.0,Aggressive
44,Female,Single,0,189700.0,93000.0,7404200.0,18123100.0,55,143300.0,Medium,0.0547,0.0963,54374000.0,Aggressive
47,Male,Single,0,48500.0,21000.0,4095300.0,7105600.0,60,34200.0,Low,0.0515,0.0702,15647000.0,Moderate
55,Male,Married,3,118300.0,60400.0,8169100.0,8656200.0,62,93700.0,Medium,0.0724,0.1012,29765000.0,Moderate
55,Male,Single,0,115800.0,81800.0,2224000.0,21584500.0,60,85000.0,Low,0.0634,0.0659,33228000.0,Moderate
50,Male,Married,2,139300.0,72600.0,11911600.0,25685400.0,55,87000.0,Medium,0.0534,0.1036,21502000.0,Aggressive
25,Male,Single,0,98600.0,58800.0,1076300.0,4426900.0,58,70300.0,Medium,0.0513,0.0886,74047000.0,Aggressive
38,Female,Married,3,25000.0,13800.0,590000.0,2654000.0,58,22500.0,Medium,0.053,0.0989,11496000.0,Aggressive
56,Female,Single,0,66600.0,37300.0,2622600.0,11532600.0,58,40900.0,High,0.0618,0.113,8422000.0,Aggressive
34,Female,Single,0,36600.0,27100.0,1424500.0,2539400.0,65,29600.0,Medium,0.0667,0.0934,39013000.0,Aggressive
36,Female,Single,0,64800.0,32600.0,2598000.0,2267700.0,60,55200.0,Medium,0.066,0.0955,55463000.0,Moderate
50,Male,Single,0,131700.0,81600.0,6873200.0,17402400.0,58,104700.0,High,0.0536,0.1176,25663000.0,Aggressive
50,Female,Single,0,87800.0,48000.0,6263000.0,12111000.0,65,67700.0,Medium,0.0658,0.0941,33029000.0,Aggressive
32,Female,Single,0,145600.0,61400.0,3252700.0,14304700.0,60,118300.0,Low,0.0601,0.0631,168681000.0,Moderate
53,Male,Married,0,89800.0,51300.0,7256300.0,10508300.0,58,65400.0,High,0.0616,0.1151,14862000.0,Aggressive
23,Male,Single,0,33600.0,23000.0,161500.0,301400.0,58,21100.0,Low,0.07,0.0725,69399000.0,Conservative
35,Female,Married,2,25000.0,10900.0,1309000.0,2101700.0,58,22200.0,Low,0.0583,0.0701,23572000.0,Moderate
41,Female,Married,2,80000.0,33900.0,4401100.0,11490200.0,65,58400.0,Low,0.0537,0.0665,42633000.0,Moderate
43,Male,Married,0,64300.0,29200.0,3810300.0,2756200.0,60,51400.0,Low,0.0718,0.0766,47747000.0,Conservative
32,Female,Married,2,40700.0,27200.0,1249100.0,1648200.0,62,30900.0,Low,0.0553,0.0639,40800000.0,Conservative
48,Female,Married,1,26400.0,17200.0,1705800.0,2782300.0,58,16300.0,Low,0.0574,0.0682,8103000.0,Moderate
24,Female,Single,0,47100.0,28200.0,218300.0,481500.0,62,41700.0,Medium,0.0677,0.0925,105122000.0,Moderate
38,Female,Single,0,65100.0,36700.0,4068700.0,1198800.0,55,54500.0,Low,0.0671,0.0731,56016000.0,Conservative
49,Male,Married,0,109000.0,77500.0,1636100.0,8200600.0,65,70300.0,Low,0.07,0.0702,46248000.0,Conservative
50,Male,Single,0,81900.0,54700.0,1898100.0,13327700.0,65,73300.0,Medium,0.0546,0.0945,26005000.0,Aggressive
42,Male,Single,0,191900.0,131300.0,9636400.0,4581200.0,58,157600.0,Low,0.0588,0.0608,121795000.0,Conservative
37,Female,Single,0,39300.0,26900.0,2105100.0,2481700.0,60,29100.0,Low,0.0531,0.0743,22131000.0,Conservative
58,Female,Single,1,124100.0,77600.0,2397600.0,21063200.0,60,97200.0,Medium,0.0635,0.0939,23122000.0,Aggressive
41,Female,Single,0,75200.0,42100.0,5484600.0,10547200.0,65,47500.0,Medium,0.0573,0.0956,29959000.0,Aggressive
27,Female,Married,3,110900.0,77900.0,4358900.0,7189000.0,58,85200.0,Medium,0.0672,0.0913,151986000.0,Aggressive
40,Female,Single,0,56300.0,40800.0,2793500.0,3917300.0,60,35000.0,Medium,0.05,0.0905,18429000.0,Moderate
26,Male,Married,1,139100.0,56800.0,2698500.0,7640400.0,62,106200.0,Medium,0.0515,0.1025,111574000.0,Aggressive
24,Female,Single,0,87300.0,36500.0,1711500.0,500100.0,60,66900.0,Medium,0.0608,0.0861,132260000.0,Moderate
22,Female,Single,0,48600.0,35700.0,352500.0,943300.0,58,41900.0,High,0.074,0.1147,113188000.0,Aggressive
59,Male,Married,2,72600.0,36100.0,4368500.0,10861200.0,62,59400.0,Medium,0.0723,0.1024,14946000.0,Aggressive
36,Female,Single,1,63300.0,44700.0,3945500.0,2618000.0,55,42700.0,Medium,0.0749,0.0982,42273000.0,Moderate
55,Male,Married,2,98100.0,52600.0,9743900.0,11320700.0,60,85000.0,Low,0.0604,0.0684,30898000.0,Moderate
56,Male,Married,0,36000.0,15900.0,3533500.0,1747300.0,58,27800.0,High,0.0512,0.1262,4642000.0,Aggressive
46,Male,Single,0,71900.0,30800.0,2183600.0,10733000.0,58,56200.0,Low,0.0576,0.0722,29232000.0,Moderate
45,Male,Married,0,92700.0,42200.0,2542700.0,6614500.0,60,60300.0,Medium,0.0669,0.0962,35809000.0,Moderate
33,Male,Single,0,74600.0,36400.0,1673200.0,5274500.0,60,64000.0,Medium,0.0534,0.0961,48633000.0,Aggressive
39,Female,Married,1,164100.0,93700.0,6130700.0,5832100.0,60,144300.0,Medium,0.0575,0.0973,82508000.0,Moderate
36,Male,Single,1,116400.0,75100.0,3060300.0,4273200.0,60,96900.0,High,0.0514,0.1225,46986000.0,Aggressive
37,Male,Married,0,72800.0,54300.0,2252100.0,9175700.0,58,64200.0,High,0.0619,0.131,35450000.0,Aggressive
48,Female,Single,0,83300.0,46200.0,5067300.0,11512600.0,58,57500.0,Low,0.0552,0.069,26682000.0,Moderate
29,Female,Married,2,87300.0,50800.0,3279900.0,6780000.0,60,74900.0,Low,0.0523,0.0692,92551000.0,Moderate
46,Male,Married,0,93200.0,54300.0,6286700.0,5965700.0,58,69600.0,High,0.0603,0.1138,23330000.0,Aggressive
38,Female,Married,2,25000.0,14700.0,1503100.0,873600.0,60,16200.0,Medium,0.0588,0.0947,10912000.0,Moderate
50,Female,Married,1,61000.0,35500.0,811800.0,6336400.0,60,48800.0,Medium,0.0634,0.1043,17311000.0,Aggressive
29,Male,Married,0,30000.0,12100.0,219400.0,1338600.0,65,24200.0,Medium,0.0687,0.0999,48322000.0,Moderate
36,Male,Married,0,157500.0,63100.0,8621700.0,5255000.0,60,108100.0,Medium,0.0528,0.0923,74494000.0,Moderate
48,Female,Single,1,70500.0,30600.0,3785100.0,9525900.0,55,42900.0,High,0.0698,0.1202,13373000.0,Aggressive
28,Male,Single,0,65100.0,28400.0,1794000.0,2090500.0,62,43000.0,Medium,0.0507,0.0885,41270000.0,Moderate
24,Male,Single,0,125300.0,81000.0,503500.0,1348400.0,65,90200.0,Medium,0.0611,0.0902,188713000.0,Moderate
50,Female,Married,0,94200.0,44400.0,3033100.0,7167000.0,60,61300.0,Medium,0.0647,0.0957,24632000.0,Moderate
45,Male,Married,3,37200.0,26500.0,2179000.0,3759400.0,65,24500.0,High,0.0739,0.1175,15618000.0,Aggressive
24,Male,Married,3,70100.0,50800.0,1561100.0,2016900.0,60,50300.0,Medium,0.0643,0.0898,106196000.0,Moderate
41,Male,Single,0,59800.0,44300.0,4345700.0,4759300.0,60,53100.0,Medium,0.054,0.0974,26400000.0,Aggressive
36,Male,Married,0,25700.0,18700.0,962300.0,1823300.0,58,21300.0,High,0.0629,0.1196,13575000.0,Aggressive
46,Male,Single,0,48300.0,23900.0,2538400.0,1969300.0,60,33600.0,Medium,0.0599,0.0872,16883000.0,Moderate
51,Female,Single,0,65500.0,37900.0,5406900.0,11421600.0,58,58000.0,Medium,0.062,0.0846,20852000.0,Aggressive
35,Female,Married,3,68300.0,31500.0,2610800.0,7457500.0,58,54200.0,Medium,0.0549,0.0921,38811000.0,Aggressive
28,Male,Married,1,30100.0,20500.0,757200.0,1590700.0,55,22200.0,Medium,0.0625,0.0871,29905000.0,Aggressive
38,Female,Married,0,145900.0,103700.0,9618500.0,2608900.0,58,108000.0,Low,0.0538,0.0607,94076000.0,Conservative
41,Male,Married,1,68800.0,48000.0,4390100.0,5964300.0,58,49800.0,Medium,0.0686,0.1006,32700000.0,Aggressive
57,Male,Single,0,74800.0,41300.0,7321600.0,10635500.0,60,50100.0,Medium,0.0648,0.0945,12363000.0,Aggressive
30,Male,Married,3,93000.0,61900.0,1444600.0,8058000.0,58,66600.0,Medium,0.052,0.0937,54573000.0,Aggressive
59,Male,Single,0,45600.0,19800.0,2881900.0,9915600.0,65,34600.0,High,0.0722,0.1191,8232000.0,Aggressive
43,Male,Married,2,96200.0,39800.0,6824100.0,13070900.0,58,73000.0,Medium,0.0654,0.0893,49482000.0,Aggressive
23,Female,Married,0,58700.0,39000.0,221800.0,258500.0,60,48600.0,High,0.0579,0.1221,60290000.0,Aggressive
45,Female,Single,0,42700.0,23400.0,3013300.0,6716900.0,58,30200.0,Low,0.0511,0.0693,14872000.0,Moderate
29,Male,Single,0,103200.0,77200.0,1345400.0,5465800.0,58,84100.0,Low,0.0658,0.0662,160601000.0,Moderate
32,Female,Married,3,179000.0,77700.0,8451000.0,14693700.0,55,138400.0,Medium,0.0593,0.092,116875000.0,Aggressive
34,Male,Married,0,113000.0,79000.0,4615900.0,6001400.0,60,100400.0,Medium,0.0727,0.0889,157223000.0,Moderate
38,Female,Married,2,127200.0,72200.0,2590700.0,6735600.0,60,91000.0,Medium,0.0509,0.093,50670000.0,Moderate
29,Male,Single,0,53500.0,36900.0,1355100.0,2268300.0,58,46600.0,Low,0.051,0.0688,50768000.0,Conservative
42,Female,Single,0,28000.0,19200.0,1616600.0,1052800.0,58,23700.0,Medium,0.0737,0.0928,18954000.0,Moderate
39,Male,Married,1,178800.0,128800.0,8951000.0,10623900.0,55,141500.0,Medium,0.0741,0.0953,120691000.0,Moderate
51,Male,Married,3,250900.0,126500.0,11938600.0,35000000.0,62,199800.0,Medium,0.0507,0.0946,57145000.0,Aggressive
39,Female,Single,0,184600.0,135200.0,12474700.0,3874900.0,60,115400.0,High,0.0679,0.1212,79601000.0,Aggressive
52,Female,Married,3,59800.0,27100.0,3376300.0,2908300.0,55,52900.0,High,0.0555,0.1247,9449000.0,Aggressive
59,Male,Single,1,36600.0,15700.0,2247200.0,1837700.0,58,23100.0,Medium,0.0675,0.098,5498000.0,Moderate
53,Female,Married,3,38600.0,21300.0,643900.0,3595600.0,65,29700.0,Medium,0.0717,0.0998,13102000.0,Moderate
32,Male,Married,2,26600.0,18400.0,1409300.0,2640400.0,58,18600.0,Medium,0.0525,0.0908,15146000.0,Aggressive
46,Female,Married,2,68600.0,38800.0,1624500.0,3146600.0,60,50000.0,High,0.056,0.1175,15868000.0,Aggressive
54,Female,Single,0,191600.0,132300.0,11330100.0,9504300.0,58,150000.0,High,0.0506,0.1233,26518000.0,Aggressive
59,Male,Married,1,67200.0,44000.0,6073000.0,13567200.0,60,58600.0,Medium,0.0511,0.0984,11054000.0,Aggressive
29,Female,Single,0,87700.0,41500.0,1263900.0,6315500.0,65,64700.0,Low,0.0507,0.0666,75532000.0,Moderate
32,Female,Single,1,166900.0,122200.0,5509000.0,2464600.0,65,149600.0,Low,0.07,0.0731,325690000.0,Conservative
43,Male,Married,3,57400.0,24200.0,1539000.0,6968100.0,60,44600.0,Medium,0.0575,0.0903,23897000.0,Aggressive
45,Female,Married,1,248000.0,177200.0,16835600.0,28349300.0,60,160700.0,Medium,0.0623,0.0974,80911000.0,Aggressive
38,Male,Married,3,241700.0,122400.0,10663300.0,25374100.0,60,158800.0,Medium,0.0697,0.0949,152880000.0,Aggressive
33,Male,Married,0,67600.0,38900.0,3519000.0,3955000.0,58,55100.0,Medium,0.0624,0.0881,59720000.0,Aggressive
53,Male,Married,0,51700.0,28300.0,4695700.0,10067900.0,65,31800.0,Medium,0.0607,0.0928,11780000.0,Aggressive
36,Male,Single,0,111100.0,51100.0,5146200.0,2145800.0,60,82700.0,High,0.0503,0.1309,35500000.0,Aggressive
37,Male,Single,0,59400.0,31200.0,3130200.0,2460000.0,60,38300.0,Medium,0.0642,0.096,33004000.0,Moderate
43,Female,Single,0,36500.0,17100.0,1804400.0,2658900.0,55,26600.0,Low,0.0531,0.0815,11957000.0,Conservative
49,Male,Married,0,157700.0,74300.0,6679100.0,14691800.0,60,130100.0,Medium,0.0691,0.0878,65948000.0,Moderate
41,Male,Married,0,151700.0,70600.0,8179500.0,20655500.0,65,111900.0,Medium,0.0564,0.0988,68233000.0,Aggressive
54,Female,Single,0,80300.0,45900.0,7509900.0,9841600.0,60,52100.0,High,0.0669,0.1073,15120000.0,Aggressive
31,Female,Married,2,34300.0,23300.0,891800.0,511800.0,58,23200.0,Medium,0.0662,0.095,29372000.0,Moderate
53,Female,Married,1,35000.0,21000.0,1370100.0,3289200.0,55,24900.0,Medium,0.0654,0.0982,6345000.0,Moderate
54,Male,Married,0,78000.0,55600.0,3624700.0,7589600.0,58,48400.0,Medium,0.0567,0.0992,11920000.0,Moderate
23,Male,Single,0,54200.0,33800.0,486000.0,1313900.0,65,42000.0,Medium,0.0567,0.091,73172000.0,Moderate
54,Male,Single,0,59600.0,38200.0,1071100.0,7715700.0,65,46600.0,Medium,0.0716,0.1002,18783000.0,Aggressive
54,Female,Single,0,135000.0,85500.0,7617700.0,18343100.0,65,83500.0,Low,0.0503,0.0673,29183000.0,Moderate
34,Male,Single,0,113500.0,63300.0,3896000.0,9422200.0,60,81800.0,Medium,0.0545,0.0942,63807000.0,Aggressive
51,Female,Married,3,167200.0,107200.0,10278200.0,25143100.0,60,121100.0,Low,0.0653,0.0678,58351000.0,Moderate
54,Male,Married,0,40400.0,17100.0,1783800.0,5485100.0,60,28300.0,Medium,0.0704,0.0893,10299000.0,Aggressive
34,Female,Married,2,59500.0,41700.0,2434100.0,2171700.0,60,45700.0,Medium,0.059,0.1028,36633000.0,Moderate
47,Male,Married,3,115300.0,77500.0,9253700.0,17681300.0,60,81100.0,Low,0.0663,0.0702,50663000.0,Moderate
43,Male,Married,3,95700.0,46500.0,7581500.0,11361300.0,60,69400.0,Medium,0.0639,0.1004,38630000.0,Aggressive
23,Male,Single,0,183400.0,122700.0,2079400.0,3543500.0,60,153900.0,Medium,0.0516,0.1002,171230000.0,Moderate
59,Female,Married,3,94100.0,38100.0,1534800.0,20470700.0,58,61000.0,Medium,0.0655,0.0902,16119000.0,Aggressive
47,Female,Married,2,221700.0,105500.0,19407400.0,31591300.0,58,174200.0,Low,0.0703,0.0761,108833000.0,Moderate
36,Male,Single,0,101100.0,42700.0,5028800.0,10461900.0,62,76000.0,Medium,0.0748,0.0975,103440000.0,Aggressive
55,Male,Single,0,138300.0,93100.0,5859600.0,26970600.0,65,95600.0,Low,0.0507,0.0648,32962000.0,Moderate
32,Male,Married,2,60200.0,40000.0,829000.0,1515800.0,60,49300.0,Low,0.0665,0.0722,83806000.0,Conservative
24,Female,Single,0,73800.0,50500.0,448200.0,1560400.0,55,56500.0,Medium,0.0604,0.0899,82859000.0,Moderate
27,Male,Married,2,126300.0,50700.0,1322800.0,5232200.0,65,93900.0,Low,0.0502,0.078,111081000.0,Moderate
30,Male,Single,0,192500.0,110800.0,1486000.0,6866800.0,60,154100.0,High,0.0654,0.1241,170411000.0,Aggressive
27,Male,Married,0,113300.0,73300.0,4163600.0,6388200.0,60,95200.0,Low,0.0531,0.0696,131798000.0,Moderate
30,Male,Single,0,69600.0,31600.0,2097000.0,4792300.0,60,62100.0,High,0.0595,0.1263,53252000.0,Aggressive
52,Female,Single,0,167100.0,104800.0,12080600.0,24253700.0,60,131800.0,High,0.0565,0.1121,32533000.0,Aggressive
53,Female,Married,0,25000.0,10700.0,2122700.0,4893300.0,60,21600.0,High,0.059,0.1163,5698000.0,Aggressive
33,Male,Single,0,31200.0,14500.0,1517500.0,1145100.0,62,18700.0,Medium,0.0623,0.0937,22069000.0,Moderate
29,Male,Married,0,110100.0,62400.0,4696200.0,6787300.0,58,83600.0,High,0.059,0.1312,65469000.0,Aggressive
29,Female,Single,0,73800.0,46400.0,3412300.0,3589100.0,58,49000.0,High,0.0638,0.1146,51168000.0,Aggressive
49,Female,Single,0,105200.0,47500.0,4933500.0,7513500.0,55,66100.0,Low,0.056,0.0615,31338000.0,Conservative
41,Male,Single,1,76000.0,35300.0,5699700.0,2905200.0,58,57700.0,Medium,0.0659,0.0878,41497000.0,Moderate
28,Female,Single,0,103000.0,48600.0,3424300.0,6853800.0,58,84900.0,Low,0.0713,0.0745,201737000.0,Moderate
32,Female,Married,2,44900.0,21700.0,444500.0,2877900.0,58,32500.0,Medium,0.0556,0.092,26287000.0,Aggressive
41,Male,Single,0,103000.0,49400.0,5795500.0,12745900.0,55,82500.0,Medium,0.0627,0.0942,43967000.0,Aggressive
37,Female,Married,3,132800.0,71500.0,6679900.0,10112900.0,58,99200.0,Low,0.0662,0.0738,113498000.0,Moderate
25,Female,Single,0,152100.0,95600.0,4345200.0,2305100.0,58,111200.0,High,0.0641,0.1192,153583000.0,Aggressive
27,Male,Single,0,244800.0,135500.0,4361000.0,6703700.0,55,168200.0,Low,0.0591,0.071,260982000.0,Conservative
43,Male,Married,3,84700.0,56900.0,4408800.0,5996300.0,60,60500.0,High,0.0661,0.1227,30004000.0,Aggressive
47,Female,Single,0,86200.0,56200.0,946000.0,14512500.0,60,60800.0,Low,0.0507,0.0678,28251000.0,Moderate
24,Male,Married,3,29300.0,13000.0,303000.0,138700.0,55,23300.0,Medium,0.0592,0.0942,31038000.0,Moderate
35,Female,Single,1,53200.0,22200.0,574700.0,6119300.0,60,33800.0,Low,0.0633,0.0712,43171000.0,Moderate
32,Male,Married,0,65100.0,46000.0,2130700.0,6367800.0,65,40900.0,Low,0.0505,0.0743,40752000.0,Moderate
39,Female,Married,3,137300.0,58800.0,8536400.0,18724300.0,65,109600.0,Medium,0.0627,0.091,98088000.0,Aggressive
33,Male,Married,0,50700.0,22900.0,891700.0,2882000.0,55,38700.0,Low,0.0664,0.0549,54977000.0,Moderate
44,Female,Married,3,117900.0,48100.0,5772800.0,18232700.0,60,86000.0,Medium,0.069,0.0984,53376000.0,Aggressive
33,Female,Married,2,73100.0,45300.0,1276300.0,3606300.0,58,47200.0,High,0.0528,0.1246,24282000.0,Aggressive
34,Female,Single,0,65800.0,39700.0,896000.0,1045800.0,55,47600.0,Low,0.0748,0.071,72141000.0,Conservative
46,Male,Single,0,84900.0,63300.0,4232400.0,4535400.0,58,71100.0,High,0.0652,0.1213,25969000.0,Aggressive
40,Male,Married,1,57800.0,41100.0,801000.0,7791200.0,58,50100.0,Low,0.0591,0.0672,40971000.0,Moderate
57,Female,Single,0,56500.0,30700.0,3809800.0,1575300.0,60,45800.0,Low,0.0562,0.0725,13866000.0,Conservative
29,Female,Married,3,26300.0,13900.0,174100.0,1269000.0,60,16300.0,Low,0.0643,0.0743,30720000.0,Moderate
50,Male,Married,0,63000.0,31700.0,1235900.0,2169300.0,60,50500.0,High,0.072,0.1203,17244000.0,Aggressive
53,Male,Single,0,54800.0,24800.0,3295200.0,4000500.0,58,36800.0,Low,0.063,0.0825,13266000.0,Conservative
39,Male,Married,1,53700.0,24100.0,2537900.0,1451400.0,58,37300.0,High,0.0665,0.1122,22112000.0,Aggressive
27,Male,Married,2,93900.0,41900.0,517300.0,5403600.0,58,61900.0,High,0.0589,0.1208,62640000.0,Aggressive
39,Male,Married,1,108600.0,47800.0,5003400.0,9513000.0,58,90400.0,Medium,0.0597,0.0891,60922000.0,Aggressive
40,Male,Married,3,84100.0,40700.0,5500500.0,10883700.0,65,66800.0,Medium,0.0572,0.0994,43483000.0,Aggressive
43,Female,Single,0,132900.0,67400.0,8256600.0,14982500.0,60,104100.0,High,0.0676,0.1121,58256000.0,Aggressive
58,Male,Single,0,103300.0,76100.0,2540500.0,21607600.0,65,82700.0,Medium,0.059,0.0883,22784000.0,Aggressive
53,Female,Married,1,61300.0,36900.0,3918000.0,6840600.0,60,41100.0,Low,0.0548,0.0668,15499000.0,Moderate
24,Male,Single,0,55400.0,41300.0,999400.0,1431800.0,60,40600.0,Medium,0.0592,0.0963,63474000.0,Moderate
49,Male,Married,3,88200.0,46800.0,1189600.0,9990800.0,58,69700.0,High,0.0713,0.117,25630000.0,Aggressive
31,Female,Married,1,103200.0,57800.0,4856300.0,5265900.0,60,81600.0,High,0.0685,0.1171,100225000.0,Aggressive
56,Female,Married,1,169200.0,86900.0,16279100.0,30336400.0,60,141700.0,Low,0.0584,0.0691,45557000.0,Moderate
50,Male,Single,0,149400.0,69300.0,12338300.0,18952100.0,62,102500.0,Low,0.0727,0.0688,63244000.0,Moderate
36,Female,Married,0,52800.0,23800.0,3001700.0,5306200.0,60,43900.0,High,0.0519,0.1274,20645000.0,Aggressive
54,Female,Married,1,68800.0,50300.0,5417300.0,11173100.0,58,50400.0,Low,0.0512,0.0734,14838000.0,Moderate
28,Female,Married,1,109400.0,81500.0,3251800.0,2309000.0,60,87600.0,Medium,0.0532,0.0934,90008000.0,Moderate
33,Female,Married,0,138800.0,57700.0,5919200.0,10124200.0,62,102300.0,Low,0.0529,0.0805,93268000.0,Moderate
51,Male,Married,3,128500.0,58200.0,10312300.0,7163400.0,60,113700.0,High,0.0522,0.1225,25709000.0,Aggressive
42,Female,Married,1,70400.0,38600.0,3967000.0,6726000.0,60,46000.0,High,0.0665,0.1152,25745000.0,Aggressive
52,Male,Married,2,34500.0,16000.0,1368800.0,4753700.0,55,27700.0,Low,0.065,0.0713,10212000.0,Moderate
45,Male,Married,3,40200.0,21200.0,1545300.0,6578800.0,60,31100.0,Low,0.0662,0.0727,22215000.0,Moderate
41,Male,Single,0,86100.0,38300.0,6137300.0,1849900.0,55,56100.0,Medium,0.0672,0.0916,36840000.0,Moderate
58,Male,Married,1,89800.0,50300.0,1225200.0,3860700.0,55,55700.0,Low,0.0689,0.0647,19845000.0,Conservative
25,Female,Married,0,37800.0,18700.0,863000.0,343100.0,60,31700.0,Medium,0.0552,0.0954,38183000.0,Moderate
49,Female,Married,0,75100.0,39300.0,6741800.0,6382800.0,58,48600.0,Medium,0.0656,0.0932,20448000.0,Moderate
41,Male,Married,0,106800.0,46200.0,6191400.0,13170100.0,60,70100.0,Low,0.0645,0.0774,58663000.0,Moderate
45,Male,Married,1,36700.0,20200.0,3151000.0,5194400.0,62,32800.0,Medium,0.0736,0.0987,22357000.0,Aggressive
53,Male,Married,1,141900.0,105600.0,10271400.0,21399700.0,58,115700.0,High,0.0558,0.1168,26241000.0,Aggressive
57,Male,Married,2,58300.0,30000.0,879400.0,11187500.0,60,39400.0,Medium,0.0515,0.0971,8022000.0,Aggressive
55,Female,Married,0,155500.0,109900.0,13606600.0,12802200.0,60,120900.0,Medium,0.0663,0.1013,34651000.0,Moderate
57,Male,Married,1,53100.0,36900.0,2058900.0,2214200.0,58,40400.0,Medium,0.0685,0.088,10709000.0,Moderate
23,Female,Married,3,39500.0,29000.0,360900.0,169000.0,60,33700.0,High,0.0571,0.1149,42605000.0,Aggressive
36,Male,Single,0,55600.0,37600.0,1454900.0,5890500.0,60,45500.0,Medium,0.0643,0.0949,41796000.0,Aggressive
55,Male,Married,1,69100.0,43600.0,2499500.0,10738100.0,60,58700.0,Low,0.0515,0.0702,17473000.0,Moderate
57,Male,Married,3,57900.0,40500.0,3049500.0,8978800.0,65,38400.0,Low,0.074,0.0697,15731000.0,Moderate
27,Male,Married,0,64200.0,27400.0,1157100.0,1766000.0,60,50900.0,High,0.0527,0.1184,42134000.0,Aggressive
33,Female,Married,3,89400.0,50200.0,3597600.0,4280300.0,65,54700.0,High,0.0517,0.1184,38008000.0,Aggressive
24,Female,Married,0,66000.0,49300.0,1401000.0,2408700.0,60,41000.0,Medium,0.0511,0.0969,44479000.0,Aggressive
39,Female,Married,3,70300.0,47100.0,1957500.0,1694500.0,58,57200.0,Low,0.0607,0.0757,50043000.0,Conservative
42,Male,Single,0,26200.0,19300.0,635000.0,3165400.0,60,15900.0,Medium,0.0524,0.0926,7687000.0,Aggressive
36,Male,Married,0,92500.0,62200.0,4385200.0,4421500.0,58,71600.0,High,0.0686,0.1322,49960000.0,Aggressive
54,Female,Married,1,69300.0,48900.0,4988500.0,2139500.0,60,59100.0,Medium,0.0725,0.1048,17996000.0,Moderate
56,Female,Single,0,192200.0,124400.0,18399900.0,30833300.0,60,137200.0,Low,0.0565,0.0766,39746000.0,Moderate
47,Male,Single,1,41600.0,27700.0,469100.0,2950200.0,60,25500.0,Medium,0.0657,0.0981,12324000.0,Moderate
29,Male,Married,0,25000.0,14600.0,1035100.0,1517600.0,55,20400.0,High,0.0511,0.13,10511000.0,Aggressive
57,Female,Married,0,106000.0,76700.0,6481800.0,16615800.0,60,93200.0,Low,0.0597,0.0685,30069000.0,Moderate
51,Male,Single,0,90000.0,62000.0,5787300.0,10021300.0,55,73400.0,Medium,0.0573,0.0908,20594000.0,Aggressive
44,Male,Married,0,39900.0,27700.0,647900.0,5124700.0,60,30900.0,Medium,0.0557,0.0924,14648000.0,Aggressive
35,Female,Married,1,29200.0,18600.0,939300.0,2147500.0,60,19500.0,Medium,0.0661,0.09,22098000.0,Aggressive
35,Male,Married,0,184000.0,93200.0,3739600.0,7979000.0,65,111200.0,Medium,0.0533,0.0956,82805000.0,Moderate
23,Female,Married,1,170800.0,70400.0,1036300.0,3270900.0,58,138100.0,Medium,0.0715,0.0965,376581000.0,Moderate
58,Male,Married,1,25000.0,18200.0,1509800.0,3426000.0,60,16700.0,Low,0.0666,0.071,5073000.0,Moderate
26,Female,Married,1,55600.0,33600.0,1667900.0,419000.0,60,47700.0,Low,0.0678,0.0699,125422000.0,Conservative
59,Male,Married,2,198500.0,100100.0,16783900.0,35000000.0,65,146900.0,Medium,0.0734,0.0957,46082000.0,Aggressive
35,Female,Married,1,55000.0,24900.0,2271800.0,3845400.0,60,41800.0,Low,0.0736,0.0787,70770000.0,Moderate
46,Female,Single,0,54500.0,37600.0,2838300.0,8111600.0,58,45000.0,Medium,0.0638,0.0981,20650000.0,Aggressive
41,Female,Married,0,61700.0,42700.0,2376600.0,8094300.0,60,51400.0,Medium,0.0624,0.0996,31221000.0,Aggressive
23,Female,Single,0,37300.0,25600.0,655100.0,477000.0,60,29600.0,Low,0.0584,0.071,65705000.0,Conservative
27,Male,Single,0,26300.0,16500.0,644700.0,978700.0,60,23200.0,Medium,0.0679,0.0869,50738000.0,Moderate
38,Male,Single,1,137500.0,72600.0,3334900.0,8815100.0,62,123000.0,Medium,0.0635,0.0859,113794000.0,Moderate
46,Female,Single,0,25000.0,12700.0,695800.0,2168900.0,58,22100.0,Low,0.0733,0.0804,15066000.0,Moderate
49,Male,Married,0,84800.0,34200.0,5191400.0,13903100.0,65,71800.0,Medium,0.056,0.0923,30520000.0,Aggressive
23,Male,Single,0,124500.0,86100.0,1290500.0,2532200.0,55,101100.0,High,0.0578,0.1169,110917000.0,Aggressive
56,Male,Married,2,30600.0,13200.0,378800.0,1468300.0,65,24400.0,Medium,0.0579,0.0962,6571000.0,Moderate
58,Male,Married,3,42000.0,26100.0,3850800.0,5923600.0,62,26500.0,Medium,0.0701,0.0978,6952000.0,Aggressive
26,Male,Married,0,151400.0,87300.0,4016900.0,8664300.0,60,103200.0,Low,0.0525,0.0734,137227000.0,Moderate
22,Female,Single,0,100700.0,58800.0,1267700.0,1621500.0,60,60600.0,Low,0.0614,0.0789,133166000.0,Conservative
33,Female,Married,0,50500.0,36600.0,519300.0,4319100.0,55,32400.0,Low,0.0607,0.0775,33743000.0,Moderate
57,Female,Married,3,150400.0,61800.0,6933900.0,25290900.0,55,110100.0,High,0.0518,0.1159,19608000.0,Aggressive
44,Female,Married,2,150800.0,101100.0,12000400.0,10316300.0,58,97100.0,Medium,0.0603,0.0998,42577000.0,Moderate
52,Male,Married,1,85900.0,35900.0,7434500.0,7391500.0,55,74800.0,Low,0.0628,0.0681,30067000.0,Conservative
32,Male,Married,0,42600.0,17600.0,884900.0,3210400.0,60,35900.0,Medium,0.0516,0.0943,26903000.0,Aggressive
31,Female,Married,3,57100.0,31400.0,773100.0,2987400.0,58,35500.0,Low,0.0627,0.0645,58242000.0,Moderate
24,Male,Single,0,86800.0,36600.0,1127500.0,2046200.0,62,58600.0,Low,0.074,0.0615,225649000.0,Conservative
35,Male,Married,1,65300.0,44200.0,1811300.0,5685200.0,60,55200.0,Medium,0.0745,0.0948,82460000.0,Aggressive
37,Female,Single,1,128500.0,75200.0,6427800.0,13118900.0,60,108100.0,Medium,0.0633,0.0902,95927000.0,Aggressive
31,Male,Married,0,29200.0,12000.0,1529800.0,979200.0,60,25800.0,Medium,0.0629,0.0996,30739000.0,Moderate
50,Female,Single,0,29800.0,12300.0,1231200.0,1370800.0,58,26800.0,Medium,0.0571,0.0936,8788000.0,Moderate
31,Female,Single,1,81500.0,50100.0,732400.0,2869000.0,58,72800.0,Medium,0.0749,0.0965,126553000.0,Moderate
33,Male,Married,2,54500.0,37200.0,2957500.0,3254400.0,58,39400.0,High,0.0569,0.1268,22858000.0,Aggressive
51,Male,Married,0,50200.0,27800.0,704800.0,3985200.0,60,33900.0,High,0.0613,0.1126,10063000.0,Aggressive
22,Female,Married,1,25300.0,15000.0,436300.0,392300.0,60,20900.0,High,0.0501,0.1164,19665000.0,Aggressive
26,Female,Married,2,74000.0,50300.0,1869700.0,710000.0,58,51000.0,High,0.0587,0.1209,49807000.0,Aggressive
41,Male,Married,2,70900.0,43500.0,5274500.0,5897000.0,62,59700.0,Medium,0.0518,0.0966,31286000.0,Aggressive
29,Female,Single,0,108200.0,51800.0,1487000.0,3858700.0,55,82300.0,Medium,0.0686,0.1005,110608000.0,Moderate
33,Female,Married,3,76200.0,46800.0,670000.0,4741900.0,60,63900.0,Medium,0.064,0.0993,70191000.0,Aggressive
22,Female,Single,1,67500.0,41800.0,662300.0,830000.0,60,46100.0,High,0.0643,0.1205,80029000.0,Aggressive
41,Male,Married,3,148200.0,97400.0,5949500.0,8023800.0,60,111500.0,Medium,0.0572,0.0965,61558000.0,Moderate
49,Female,Married,2,33300.0,20600.0,1263800.0,5507000.0,65,25600.0,Low,0.0704,0.0717,17187000.0,Moderate
58,Male,Single,0,100900.0,74600.0,10487000.0,6120300.0,60,89100.0,High,0.0501,0.1127,15284000.0,Aggressive
58,Female,Married,0,26800.0,12600.0,2437900.0,4139500.0,60,18200.0,High,0.0583,0.1192,3264000.0,Aggressive
33,Male,Single,0,44200.0,32400.0,1844900.0,4349100.0,58,38900.0,High,0.0665,0.1212,33660000.0,Aggressive
58,Female,Married,0,35300.0,20800.0,975500.0,4501000.0,62,29700.0,Low,0.0727,0.0723,9985000.0,Moderate
49,Male,Married,1,116900.0,74300.0,8351700.0,18817700.0,60,95800.0,Low,0.0559,0.0654,47670000.0,Moderate
36,Male,Married,1,70300.0,30600.0,3585800.0,1968100.0,55,58800.0,Low,0.0635,0.0637,63266000.0,Conservative
27,Male,Single,0,72500.0,38700.0,1426800.0,2639900.0,60,56700.0,Medium,0.0634,0.0938,87717000.0,Moderate
41,Female,Single,0,37600.0,25200.0,2752900.0,2872100.0,58,25300.0,Low,0.0719,0.0798,22534000.0,Moderate
35,Female,Single,0,61100.0,39600.0,1029200.0,905000.0,55,40100.0,Medium,0.0513,0.0909,23466000.0,Moderate
23,Female,Single,0,46300.0,19200.0,290600.0,590400.0,65,39800.0,Low,0.0606,0.0759,95249000.0,Conservative
30,Male,Married,1,92000.0,54400.0,783700.0,3562000.0,60,75200.0,Low,0.0546,0.0779,85660000.0,Conservative
58,Female,Married,3,40300.0,17400.0,3561000.0,6136700.0,58,26800.0,Medium,0.0505,0.0952,5238000.0,Aggressive
41,Male,Married,2,162400.0,121600.0,8457900.0,22467000.0,60,127400.0,High,0.0537,0.1166,53127000.0,Aggressive
47,Female,Married,0,26800.0,19100.0,943200.0,903600.0,62,19700.0,Low,0.0744,0.0726,14867000.0,Conservative
50,Male,Married,0,45100.0,18400.0,1102800.0,3398300.0,55,29200.0,Medium,0.0554,0.096,8507000.0,Moderate
22,Male,Married,0,200000.0,140100.0,528500.0,2553900.0,60,151900.0,Low,0.0734,0.0657,648003000.0,Conservative
56,Male,Married,0,56300.0,40600.0,1532400.0,6078700.0,60,38500.0,Low,0.0551,0.0667,12965000.0,Conservative
27,Female,Married,0,33200.0,17400.0,686900.0,1748000.0,58,20900.0,Medium,0.0733,0.0973,45204000.0,Aggressive
58,Female,Single,0,83400.0,54400.0,2979800.0,9133100.0,60,61700.0,Medium,0.0664,0.0997,14819000.0,Moderate
26,Female,Single,0,55000.0,30500.0,675800.0,454600.0,55,42700.0,High,0.0528,0.1184,30726000.0,Aggressive
54,Male,Married,2,44300.0,27900.0,4011900.0,6599700.0,60,27200.0,Medium,0.0645,0.0947,8805000.0,Aggressive
35,Male,Single,0,37900.0,19700.0,1399600.0,3967700.0,62,27300.0,High,0.058,0.1233,18120000.0,Aggressive
33,Female,Single,0,385000.0,197500.0,17452700.0,23217300.0,58,260800.0,Low,0.0596,0.0691,304118000.0,Moderate
41,Female,Married,2,62900.0,34500.0,705000.0,5809400.0,62,38300.0,Low,0.061,0.0685,31702000.0,Moderate
45,Female,Married,3,25000.0,11300.0,940300.0,1080200.0,60,15900.0,Low,0.0606,0.0662,11300000.0,Conservative
55,Male,Married,1,179200.0,123800.0,9951200.0,11469600.0,58,115000.0,High,0.0666,0.1161,25837000.0,Aggressive
46,Male,Single,0,105500.0,55100.0,2575300.0,5805000.0,60,69100.0,Low,0.0692,0.0833,45531000.0,Conservative
50,Male,Married,0,46200.0,25000.0,959100.0,4256200.0,55,38900.0,Low,0.0582,0.069,16654000.0,Conservative
52,Male,Married,1,41800.0,29800.0,3646000.0,7533900.0,65,30600.0,Medium,0.0731,0.1018,13392000.0,Aggressive
44,Male,Married,1,109500.0,62800.0,8747100.0,10130100.0,60,70500.0,Low,0.0735,0.0784,60999000.0,Moderate
59,Female,Married,2,63100.0,37300.0,1251600.0,3979800.0,60,39800.0,Low,0.051,0.0691,10060000.0,Conservative
41,Male,Married,3,25000.0,18400.0,826500.0,1295200.0,60,17200.0,Low,0.0504,0.0718,10426000.0,Conservative
44,Male,Married,3,213700.0,151800.0,17373200.0,15631500.0,60,179400.0,Low,0.0606,0.0705,120065000.0,Conservative
37,Male,Married,1,56400.0,25900.0,727500.0,4785800.0,62,40000.0,Medium,0.0648,0.0869,40274000.0,Aggressive
29,Male,Single,0,179400.0,101500.0,5837300.0,7311800.0,60,116200.0,Medium,0.0569,0.0872,132241000.0,Moderate
42,Male,Married,3,157500.0,116500.0,12365400.0,11056600.0,65,113600.0,Low,0.0565,0.0702,87373000.0,Conservative
22,Female,Married,2,40100.0,21300.0,707800.0,618500.0,60,30700.0,Low,0.067,0.0679,99129000.0,Conservative
29,Male,Married,1,135900.0,72000.0,3430000.0,3634300.0,58,82700.0,High,0.065,0.1295,79783000.0,Aggressive
50,Male,Married,0,49500.0,23200.0,1205900.0,1731000.0,65,39000.0,Medium,0.0542,0.0938,14610000.0,Moderate
53,Male,Married,1,25000.0,11000.0,728500.0,694100.0,60,18000.0,Medium,0.0721,0.1048,5966000.0,Moderate
59,Female,Single,0,56700.0,37400.0,5598900.0,4220200.0,60,34200.0,Medium,0.067,0.0926,7743000.0,Moderate
26,Female,Married,2,92800.0,62100.0,3078500.0,1069200.0,65,74400.0,Low,0.0591,0.0796,131185000.0,Conservative
43,Female,Single,1,55400.0,40900.0,2977000.0,3579800.0,55,45100.0,High,0.0671,0.1225,17707000.0,Aggressive
55,Male,Married,3,60800.0,40800.0,4980200.0,9911500.0,60,48000.0,Medium,0.0528,0.0978,11478000.0,Aggressive
22,Female,Single,0,145200.0,70400.0,2009400.0,2723700.0,58,102000.0,Low,0.0617,0.0674,263203000.0,Conservative
47,Male,Single,0,78000.0,32300.0,4909800.0,8846500.0,60,59200.0,Medium,0.0542,0.0979,22003000.0,Aggressive
31,Male,Married,3,44100.0,32900.0,2015800.0,3585400.0,62,31600.0,Medium,0.051,0.1035,22799000.0,Aggressive
51,Female,Married,1,111400.0,57800.0,7778700.0,7733400.0,65,90300.0,Low,0.0585,0.0693,41219000.0,Conservative
39,Male,Married,2,82300.0,41900.0,3577900.0,10122700.0,60,63800.0,High,0.0538,0.1183,31017000.0,Aggressive
38,Male,Single,0,25000.0,17900.0,579100.0,1554800.0,60,15600.0,High,0.0658,0.1188,11164000.0,Aggressive
47,Male,Married,0,94600.0,57200.0,6575700.0,7713600.0,65,75000.0,Low,0.0669,0.0781,52968000.0,Conservative
29,Female,Single,0,92500.0,44000.0,2343300.0,3543200.0,60,74600.0,Medium,0.0537,0.0993,67095000.0,Moderate
33,Male,Married,1,74000.0,52600.0,1648500.0,1609000.0,58,52600.0,High,0.0506,0.1272,25114000.0,Aggressive
48,Male,Married,2,124900.0,93400.0,9445500.0,21578300.0,60,107800.0,Low,0.0698,0.0716,68166000.0,Moderate
29,Female,Married,1,48900.0,21000.0,1701000.0,950400.0,65,41700.0,Medium,0.0501,0.0952,39947000.0,Moderate
46,Male,Single,0,89500.0,62800.0,7452700.0,6325800.0,65,58400.0,Medium,0.0586,0.0971,29371000.0,Moderate
25,Male,Married,2,28600.0,15300.0,230200.0,554300.0,60,24900.0,Medium,0.0624,0.1004,41228000.0,Moderate
54,Female,Single,1,93400.0,54500.0,6544700.0,3469200.0,62,68400.0,Medium,0.0705,0.0938,25268000.0,Moderate
22,Male,Married,3,236100.0,170000.0,1394800.0,1499200.0,58,192900.0,Medium,0.071,0.1018,519686000.0,Moderate
40,Male,Single,0,40300.0,29800.0,2813800.0,910100.0,58,34000.0,High,0.0681,0.1218,19684000.0,Aggressive
52,Male,Married,0,46400.0,22800.0,912900.0,3368500.0,65,34900.0,Medium,0.0562,0.083,13259000.0,Moderate
37,Male,Single,0,47800.0,22700.0,2313800.0,5355700.0,58,34400.0,High,0.068,0.1244,22843000.0,Aggressive
35,Male,Married,0,79100.0,33900.0,4180300.0,3858300.0,58,69200.0,Low,0.0562,0.0636,71246000.0,Conservative
26,Female,Married,0,38600.0,23000.0,592800.0,507400.0,60,25800.0,Low,0.0554,0.0743,37439000.0,Conservative
47,Female,Married,0,94200.0,38100.0,8132400.0,11180900.0,60,63800.0,Low,0.0637,0.0745,37490000.0,Moderate
49,Female,Single,0,121600.0,66200.0,9864300.0,21897300.0,60,86200.0,Medium,0.067,0.0966,37760000.0,Aggressive
23,Female,Married,2,100800.0,42900.0,676800.0,817600.0,58,86500.0,Low,0.0513,0.0727,114477000.0,Conservative
27,Male,Married,2,25300.0,13700.0,120000.0,608100.0,65,22300.0,High,0.0515,0.1255,18926000.0,Aggressive
30,Male,Married,3,132900.0,55000.0,2536000.0,11283000.0,65,88500.0,Medium,0.0696,0.0925,174154000.0,Aggressive
54,Male,Single,0,128300.0,88800.0,4718200.0,7116100.0,58,110200.0,Low,0.0715,0.074,44579000.0,Conservative
46,Male,Married,3,120300.0,57000.0,9570700.0,11537400.0,60,81500.0,Medium,0.0651,0.1008,40372000.0,Aggressive
34,Male,Married,1,91500.0,47100.0,5538600.0,3361700.0,60,81500.0,High,0.0607,0.1288,54948000.0,Aggressive
30,Female,Single,0,83500.0,58800.0,738500.0,6836400.0,60,65100.0,Medium,0.0711,0.0895,126039000.0,Aggressive
34,Female,Single,0,135900.0,89900.0,4491500.0,14843900.0,58,81800.0,Low,0.0682,0.072,122686000.0,Moderate
52,Male,Married,2,231900.0,110500.0,13683900.0,35000000.0,60,141500.0,High,0.0645,0.1152,40131000.0,Aggressive
32,Male,Single,0,41300.0,17600.0,455400.0,1631900.0,58,26600.0,Medium,0.058,0.09,26428000.0,Moderate
25,Male,Single,0,139600.0,90800.0,1944000.0,3205200.0,58,91600.0,Medium,0.0549,0.0968,102987000.0,Moderate
55,Female,Married,1,69400.0,37300.0,2819900.0,4711400.0,60,57600.0,Medium,0.0605,0.0954,16318000.0,Moderate
59,Male,Married,0,67700.0,45200.0,4355600.0,13352200.0,60,45100.0,Medium,0.0572,0.1007,8766000.0,Aggressive
25,Male,Single,0,29100.0,16200.0,634000.0,1300600.0,60,25900.0,High,0.0585,0.1183,29279000.0,Aggressive
59,Male,Married,1,61600.0,32100.0,4966900.0,6567500.0,60,48700.0,Low,0.0629,0.0693,14218000.0,Conservative
40,Female,Single,0,40200.0,22400.0,714300.0,3972200.0,58,32500.0,Low,0.0542,0.0711,21266000.0,Moderate
27,Male,Single,0,55400.0,36700.0,1859100.0,966500.0,60,36900.0,High,0.0702,0.1157,64588000.0,Aggressive
55,Female,Single,0,37800.0,27100.0,2791800.0,3871600.0,55,32800.0,Low,0.0536,0.0664,9883000.0,Conservative
39,Female,Married,0,55900.0,23300.0,3739600.0,5168800.0,60,44700.0,High,0.062,0.1256,25313000.0,Aggressive
34,Female,Single,1,57300.0,33400.0,1824000.0,2921200.0,60,49200.0,Medium,0.0686,0.0923,61441000.0,Moderate
44,Female,Single,0,77500.0,31900.0,5926000.0,5381100.0,60,68700.0,Medium,0.0621,0.1009,35941000.0,Moderate
40,Female,Married,3,27800.0,15700.0,1869700.0,475900.0,60,17700.0,Low,0.059,0.073,14167000.0,Conservative
32,Female,Married,1,30700.0,21800.0,875100.0,2529300.0,60,19300.0,High,0.0619,0.1123,18133000.0,Aggressive
22,Male,Single,0,90900.0,47900.0,736100.0,2051200.0,65,76400.0,Medium,0.0712,0.0977,271263000.0,Moderate
45,Male,Married,2,45300.0,32900.0,3677000.0,7231800.0,60,39000.0,High,0.0748,0.1226,20784000.0,Aggressive
28,Male,Single,0,139300.0,86500.0,4586800.0,7683400.0,60,108000.0,Medium,0.0658,0.0971,175178000.0,Aggressive
46,Female,Married,3,83700.0,60800.0,6910000.0,8493100.0,65,59400.0,Low,0.0698,0.0693,46670000.0,Moderate
42,Male,Married,2,105200.0,70000.0,6940200.0,5665100.0,60,83700.0,Medium,0.0504,0.0903,37683000.0,Moderate
36,Female,Married,1,170500.0,74400.0,7495200.0,20752600.0,60,117900.0,Medium,0.072,0.1017,131918000.0,Aggressive
22,Female,Single,1,60700.0,29200.0,233900.0,969700.0,55,40800.0,Medium,0.0739,0.0945,113733000.0,Moderate
33,Female,Single,0,51800.0,27900.0,1144800.0,3927200.0,58,38700.0,High,0.0644,0.1156,34254000.0,Aggressive
28,Male,Single,0,123400.0,56700.0,5290100.0,6513100.0,60,82000.0,Medium,0.0688,0.0973,149895000.0,Aggressive
36,Female,Married,0,99300.0,56900.0,2642000.0,10447000.0,60,74000.0,Medium,0.0628,0.0913,67567000.0,Aggressive
42,Female,Single,0,65400.0,36900.0,1021400.0,1267900.0,60,58000.0,High,0.0572,0.1153,25026000.0,Aggressive
40,Male,Married,1,168500.0,123800.0,9522900.0,7488200.0,65,143600.0,Low,0.0713,0.0681,180310000.0,Conservative
50,Male,Married,2,64400.0,35500.0,4683600.0,8389200.0,58,56800.0,High,0.0649,0.1167,16612000.0,Aggressive
46,Female,Married,2,74600.0,50400.0,2400100.0,11396200.0,60,62800.0,Medium,0.0645,0.0904,32458000.0,Aggressive
54,Female,Married,3,74100.0,54100.0,2834800.0,10716300.0,60,52300.0,Medium,0.0665,0.099,15596000.0,Aggressive
53,Male,Married,3,41700.0,29500.0,2206200.0,3959300.0,60,35200.0,Low,0.0714,0.0694,16418000.0,Conservative
56,Male,Married,2,76600.0,36200.0,1049000.0,6961400.0,62,67200.0,Medium,0.0683,0.1013,19645000.0,Moderate
59,Male,Single,0,169100.0,97000.0,15047500.0,28389200.0,58,149500.0,Low,0.0553,0.0657,44456000.0,Moderate
47,Female,Married,2,95500.0,49800.0,3377600.0,12720000.0,55,76900.0,High,0.0617,0.1114,23756000.0,Aggressive
32,Male,Married,1,74500.0,40200.0,3689400.0,4850800.0,60,49400.0,High,0.0745,0.1207,67007000.0,Aggressive
56,Male,Married,3,66400.0,34900.0,5746500.0,5185000.0,60,40600.0,Low,0.0639,0.0793,12929000.0,Conservative
29,Male,Married,2,89200.0,61500.0,2969500.0,6695400.0,60,57500.0,High,0.0735,0.1227,92731000.0,Aggressive
35,Female,Single,0,114700.0,64000.0,2976800.0,8092700.0,65,102000.0,Medium,0.0703,0.1111,131765000.0,Aggressive
31,Male,Single,1,105400.0,61500.0,3244500.0,8032000.0,55,77900.0,High,0.0667,0.1217,63281000.0,Aggressive
23,Male,Married,3,59900.0,44600.0,546100.0,462100.0,60,51300.0,Low,0.0587,0.0712,109196000.0,Conservative
30,Male,Single,0,88900.0,37400.0,1866300.0,3271800.0,60,65700.0,Medium,0.0576,0.0842,74299000.0,Moderate
24,Male,Married,3,97500.0,55700.0,2146900.0,3286800.0,65,77800.0,Medium,0.0661,0.0971,196730000.0,Aggressive
42,Male,Married,3,40000.0,26800.0,1741600.0,990200.0,65,24300.0,Low,0.0608,0.0708,21044000.0,Conservative
47,Female,Married,2,80900.0,36600.0,6198400.0,7964600.0,60,54600.0,Medium,0.07,0.093,29727000.0,Aggressive
29,Female,Married,0,25000.0,15400.0,243600.0,1092600.0,60,18300.0,Medium,0.069,0.0943,32402000.0,Moderate
23,Female,Single,0,97700.0,47300.0,415800.0,1907800.0,58,77100.0,Low,0.0578,0.0697,143621000.0,Conservative
27,Male,Single,1,108700.0,76500.0,4286900.0,2627100.0,58,70800.0,Medium,0.0676,0.0941,129415000.0,Moderate
49,Female,Married,1,114500.0,58900.0,6785100.0,6468500.0,60,95000.0,High,0.0624,0.1304,27862000.0,Aggressive
50,Female,Married,0,57700.0,29700.0,3100900.0,9959100.0,60,40900.0,Low,0.0581,0.0681,19785000.0,Moderate
47,Female,Married,1,88000.0,53600.0,4563000.0,9456900.0,60,74400.0,Low,0.0603,0.0708,44024000.0,Moderate
46,Male,Single,0,171800.0,79800.0,4582200.0,6133200.0,60,108100.0,Medium,0.0724,0.093,65505000.0,Moderate
33,Male,Single,1,170800.0,85400.0,7647100.0,5217600.0,60,137300.0,Medium,0.059,0.0989,127252000.0,Moderate
26,Female,Married,1,71900.0,39200.0,482700.0,4125300.0,60,49500.0,Medium,0.0572,0.0959,66564000.0,Aggressive
55,Female,Married,3,79500.0,41600.0,5102700.0,4731500.0,58,66700.0,High,0.0588,0.1186,12421000.0,Aggressive
58,Male,Married,0,142400.0,83100.0,9511400.0,20088200.0,58,102600.0,Low,0.0554,0.0604,32573000.0,Moderate
36,Male,Single,0,29700.0,18100.0,1847700.0,1771400.0,58,23700.0,Medium,0.0636,0.0962,19869000.0,Moderate
57,Female,Married,1,60200.0,36000.0,3710700.0,11426000.0,62,53000.0,High,0.0537,0.1185,10288000.0,Aggressive
36,Male,Married,2,163000.0,102500.0,2557300.0,15574900.0,55,98800.0,High,0.0704,0.1197,64555000.0,Aggressive
44,Female,Married,3,131300.0,66700.0,6875400.0,13534200.0,62,79200.0,Medium,0.0556,0.0891,42918000.0,Aggressive
27,Male,Single,0,91300.0,40600.0,706600.0,776100.0,58,75900.0,Low,0.065,0.0772,147540000.0,Conservative
42,Female,Married,1,29600.0,19700.0,696400.0,3993000.0,60,23500.0,Medium,0.0531,0.0993,11041000.0,Aggressive
44,Female,Married,0,71000.0,49500.0,831800.0,5798700.0,65,48800.0,Low,0.0745,0.0772,50152000.0,Moderate
37,Male,Married,0,51300.0,25100.0,2029100.0,6119900.0,60,38400.0,Medium,0.0614,0.1007,29644000.0,Aggressive
36,Female,Married,1,89200.0,48400.0,1118900.0,6041100.0,58,54600.0,Low,0.0706,0.073,68831000.0,Moderate
46,Female,Married,0,45000.0,25900.0,2096600.0,5535400.0,58,29600.0,Low,0.0692,0.0643,19751000.0,Moderate
57,Female,Married,2,39500.0,23200.0,3955600.0,1508700.0,65,28700.0,Medium,0.0678,0.1042,8558000.0,Moderate
32,Male,Married,3,25000.0,15800.0,1068500.0,1930200.0,60,21300.0,Medium,0.0707,0.0904,34728000.0,Aggressive
36,Male,Single,0,152200.0,63100.0,1844300.0,7737900.0,60,113200.0,Medium,0.0525,0.0937,69585000.0,Moderate
25,Male,Single,0,57500.0,37500.0,556500.0,1192700.0,60,44600.0,Medium,0.067,0.0985,90656000.0,Moderate
42,Female,Single,0,80400.0,33900.0,4594700.0,2721900.0,58,69300.0,Medium,0.0566,0.0988,32030000.0,Moderate
34,Male,Married,2,73000.0,41200.0,4125800.0,2020100.0,58,50600.0,Medium,0.0696,0.0979,56898000.0,Moderate
43,Female,Married,2,38500.0,26600.0,445800.0,1695300.0,60,31200.0,Medium,0.0739,0.093,24078000.0,Moderate
40,Female,Married,3,34400.0,19200.0,2189100.0,1991600.0,60,29500.0,Medium,0.0725,0.092,29205000.0,Moderate
55,Male,Single,0,40000.0,18100.0,2525100.0,7374400.0,58,26400.0,Medium,0.0529,0.1077,5476000.0,Aggressive
35,Male,Single,0,47400.0,35300.0,1835100.0,2452100.0,60,33500.0,Medium,0.0592,0.0948,30171000.0,Moderate
25,Female,Married,1,91100.0,64800.0,2733700.0,3334900.0,62,81400.0,Medium,0.0591,0.0942,124436000.0,Aggressive
48,Female,Married,2,45400.0,30400.0,3232200.0,1545700.0,65,40600.0,Medium,0.0531,0.0914,16838000.0,Moderate
50,Male,Single,0,208500.0,113400.0,17213200.0,24639600.0,58,139100.0,Medium,0.0525,0.0962,41317000.0,Aggressive
49,Male,Married,3,135400.0,62900.0,5392000.0,13305400.0,58,83900.0,High,0.0596,0.121,22475000.0,Aggressive
56,Male,Single,0,118800.0,86700.0,7529700.0,24162200.0,62,80900.0,Medium,0.0748,0.0949,26999000.0,Aggressive
29,Female,Single,0,68100.0,39900.0,2134400.0,4731400.0,58,49000.0,Medium,0.0642,0.0969,62860000.0,Aggressive
37,Female,Married,2,181400.0,126700.0,5020000.0,11979700.0,55,132800.0,Medium,0.0655,0.1038,89410000.0,Aggressive
57,Female,Single,0,64200.0,33400.0,4225000.0,10868200.0,62,50400.0,Low,0.0618,0.067,17798000.0,Moderate
51,Female,Married,3,71800.0,37100.0,2237400.0,3923900.0,58,62500.0,Medium,0.0666,0.0952,23318000.0,Moderate
39,Female,Single,0,81000.0,60300.0,1434100.0,6815000.0,60,56600.0,Medium,0.0739,0.0918,63754000.0,Aggressive
23,Male,Single,0,111400.0,64900.0,889400.0,517100.0,60,95200.0,Low,0.0647,0.0715,255033000.0,Conservative
34,Male,Single,1,107200.0,48200.0,5135300.0,5074300.0,62,67300.0,Medium,0.0516,0.0922,48655000.0,Moderate
25,Female,Married,0,55000.0,26200.0,1587000.0,847300.0,58,33700.0,Medium,0.0623,0.0924,57789000.0,Moderate
47,Female,Married,2,53100.0,30200.0,2475400.0,6892600.0,62,39900.0,High,0.0748,0.1127,21536000.0,Aggressive
46,Male,Married,2,107400.0,44600.0,6463900.0,9964200.0,60,66400.0,High,0.0597,0.1205,23476000.0,Aggressive
51,Male,Single,1,112300.0,63100.0,2206500.0,16534000.0,60,80600.0,Low,0.0648,0.0721,36998000.0,Moderate
32,Male,Single,0,57800.0,31600.0,3010600.0,3298900.0,58,50200.0,Medium,0.0527,0.1043,35011000.0,Aggressive
28,Male,Married,2,28200.0,19000.0,766600.0,405100.0,58,19000.0,Low,0.0535,0.0723,21853000.0,Conservative
52,Female,Married,3,64600.0,33900.0,5125400.0,9534800.0,60,52400.0,Low,0.0719,0.0678,24420000.0,Moderate
31,Male,Married,3,106300.0,79100.0,4691400.0,8474000.0,60,73400.0,High,0.0575,0.1132,63111000.0,Aggressive
34,Female,Single,1,216000.0,100100.0,4567100.0,21947000.0,65,132500.0,Low,0.0576,0.0639,179692000.0,Moderate
52,Male,Married,3,35600.0,21600.0,2040900.0,4269700.0,60,27300.0,Low,0.0597,0.0635,12106000.0,Moderate
28,Male,Married,2,56600.0,24400.0,2407900.0,3247100.0,60,48100.0,High,0.0742,0.1294,79039000.0,Aggressive
57,Male,Married,2,57900.0,38000.0,1176300.0,9553300.0,60,41900.0,High,0.0521,0.1214,7277000.0,Aggressive
41,Female,Married,3,165000.0,123400.0,9298600.0,6204500.0,60,129600.0,High,0.0705,0.1171,86111000.0,Aggressive
25,Female,Single,0,71600.0,49200.0,2157400.0,915300.0,60,62300.0,High,0.0585,0.1152,73678000.0,Aggressive
28,Male,Married,0,42400.0,25200.0,707200.0,566500.0,58,35500.0,Medium,0.0712,0.0907,70089000.0,Moderate
22,Female,Married,3,102300.0,58300.0,1614600.0,1026900.0,62,67300.0,Low,0.0748,0.067,298722000.0,Conservative
34,Female,Married,1,57400.0,39700.0,3368000.0,3420400.0,60,47100.0,Medium,0.0587,0.1016,38995000.0,Aggressive
43,Male,Married,1,35100.0,25500.0,2244400.0,5442200.0,60,26300.0,Medium,0.0532,0.0949,11935000.0,Aggressive
42,Male,Married,1,42800.0,31900.0,1091300.0,3223600.0,60,35300.0,Medium,0.0536,0.0878,18143000.0,Moderate
43,Female,Married,1,207000.0,111500.0,6966500.0,24408300.0,60,154900.0,High,0.069,0.1316,72619000.0,Aggressive
49,Female,Single,0,92100.0,68800.0,1231300.0,12146600.0,58,58800.0,Medium,0.0536,0.0893,19242000.0,Aggressive
30,Female,Single,0,78000.0,35500.0,3376200.0,2036700.0,55,60100.0,Low,0.0565,0.067,74957000.0,Conservative
47,Male,Married,2,62900.0,30700.0,4904200.0,1860300.0,62,47000.0,Low,0.0551,0.0766,23595000.0,Conservative
30,Male,Married,2,87100.0,37600.0,2986700.0,4553200.0,58,65800.0,Low,0.0589,0.0721,88535000.0,Moderate
36,Female,Married,3,86500.0,42800.0,2472900.0,7756600.0,60,74700.0,High,0.0519,0.1177,37155000.0,Aggressive
31,Male,Single,1,87100.0,58300.0,843700.0,8125200.0,55,75600.0,Medium,0.0714,0.0888,109196000.0,Aggressive
45,Male,Married,1,78300.0,54700.0,5275600.0,5595100.0,58,57600.0,Medium,0.0715,0.0902,37313000.0,Moderate
29,Female,Married,0,123200.0,82900.0,4441000.0,8996600.0,55,90800.0,Medium,0.0603,0.0905,100045000.0,Aggressive
45,Female,Single,0,74200.0,46100.0,5907700.0,5551900.0,60,56000.0,Medium,0.0653,0.095,31280000.0,Moderate
37,Male,Married,0,40700.0,23600.0,2157700.0,3754300.0,60,30800.0,High,0.066,0.121,22582000.0,Aggressive
47,Male,Single,0,50600.0,32800.0,3860600.0,5641500.0,58,44800.0,Medium,0.0687,0.0943,21835000.0,Aggressive
48,Female,Single,1,25000.0,13400.0,1776400.0,735500.0,58,19900.0,High,0.063,0.1198,5998000.0,Aggressive
58,Male,Married,3,246700.0,171300.0,17897100.0,10007200.0,65,168600.0,High,0.0628,0.1147,37800000.0,Aggressive
25,Male,Married,3,122700.0,78200.0,1876900.0,820000.0,60,93200.0,High,0.0658,0.1215,148171000.0,Aggressive
45,Female,Married,0,44400.0,28600.0,3499300.0,3251000.0,62,35000.0,Medium,0.0676,0.1014,20179000.0,Moderate
40,Female,Married,2,61800.0,36300.0,3255300.0,6794000.0,65,48900.0,High,0.0587,0.1192,28295000.0,Aggressive
57,Male,Married,3,49900.0,35400.0,2472000.0,2864800.0,65,38700.0,Medium,0.0583,0.0941,10134000.0,Moderate
31,Male,Married,1,184500.0,90100.0,1846200.0,11258900.0,62,120500.0,High,0.0567,0.1204,94649000.0,Aggressive
46,Male,Married,3,31200.0,16600.0,1016600.0,1964700.0,58,19000.0,High,0.0637,0.1256,6290000.0,Aggressive
39,Female,Married,0,78300.0,52600.0,3454300.0,8800400.0,65,54900.0,High,0.059,0.1155,37223000.0,Aggressive
40,Male,Single,0,68500.0,39200.0,1862900.0,7979500.0,62,49900.0,High,0.0635,0.1273,29129000.0,Aggressive
57,Male,Married,1,120100.0,85400.0,3936100.0,20337400.0,62,74300.0,Medium,0.0601,0.0971,18382000.0,Aggressive
31,Female,Single,0,68700.0,35800.0,2151300.0,3734700.0,55,58000.0,Low,0.0709,0.0701,103418000.0,Moderate
54,Female,Single,0,25500.0,13500.0,680400.0,1889100.0,65,17900.0,Medium,0.0518,0.1011,4774000.0,Moderate
26,Male,Married,1,62900.0,44700.0,1862700.0,3006900.0,60,55000.0,High,0.0643,0.1141,83229000.0,Aggressive
56,Female,Married,0,40800.0,23000.0,2319500.0,2401300.0,60,26400.0,Low,0.0644,0.0726,9823000.0,Conservative
55,Female,Married,3,76700.0,44500.0,4926800.0,5859500.0,55,47300.0,Medium,0.0596,0.0972,11339000.0,Moderate
54,Male,Married,1,172900.0,89300.0,4262600.0,9747200.0,58,128800.0,Medium,0.0605,0.0903,36759000.0,Moderate
42,Female,Married,0,25800.0,12800.0,830000.0,2776200.0,65,16900.0,Medium,0.07,0.0973,15229000.0,Aggressive
38,Female,Single,0,45200.0,28500.0,1547900.0,4317400.0,60,39800.0,High,0.057,0.1214,20507000.0,Aggressive
43,Male,Single,1,52500.0,23200.0,3592300.0,5661400.0,58,31700.0,Medium,0.0718,0.0941,20839000.0,Aggressive
58,Female,Single,0,58200.0,41200.0,5001400.0,6067900.0,62,42100.0,High,0.0724,0.1243,8971000.0,Aggressive
36,Male,Married,3,114000.0,76700.0,2374900.0,2890000.0,55,100100.0,Medium,0.0663,0.0921,83465000.0,Moderate
56,Male,Single,0,65900.0,30800.0,4556900.0,12599800.0,60,47100.0,High,0.0693,0.1214,10342000.0,Aggressive
49,Female,Married,3,93900.0,60400.0,2876400.0,9612900.0,58,59000.0,Low,0.0653,0.0693,33227000.0,Moderate
28,Female,Married,1,50200.0,30700.0,2190200.0,1758300.0,58,34700.0,Low,0.0631,0.0669,68056000.0,Conservative
53,Female,Single,0,83900.0,39000.0,8050600.0,10506400.0,58,62900.0,High,0.0742,0.1225,16897000.0,Aggressive
32,Male,Married,3,116600.0,57800.0,4060400.0,3361400.0,58,76400.0,Medium,0.0571,0.094,68795000.0,Moderate
31,Female,Married,1,47100.0,25600.0,1862700.0,1041400.0,58,34900.0,Medium,0.0539,0.0876,29124000.0,Moderate
30,Male,Single,1,116900.0,75400.0,4901100.0,4852900.0,60,99500.0,Medium,0.0572,0.086,116207000.0,Moderate
35,Female,Married,0,75500.0,47100.0,3684800.0,2814100.0,65,65100.0,Medium,0.0654,0.0989,78749000.0,Moderate
34,Female,Married,1,136900.0,80300.0,6258600.0,5091700.0,60,84200.0,Medium,0.0546,0.0889,63647000.0,Moderate
46,Female,Married,2,64800.0,43300.0,5503700.0,9873900.0,58,42000.0,Low,0.0727,0.0714,30164000.0,Moderate
23,Male,Married,1,91900.0,61100.0,1060800.0,1348800.0,58,62700.0,Medium,0.0603,0.0953,98822000.0,Moderate
56,Female,Married,0,71400.0,44000.0,5071200.0,8077600.0,62,55600.0,Medium,0.0712,0.0932,17269000.0,Aggressive
28,Female,Married,0,69000.0,46600.0,2634700.0,3673300.0,65,48900.0,Medium,0.0562,0.1048,59578000.0,Aggressive
42,Male,Single,0,85400.0,44200.0,4857400.0,12333700.0,58,72900.0,Medium,0.0578,0.0959,35643000.0,Aggressive
39,Male,Married,2,100900.0,71500.0,5710700.0,3020100.0,58,82200.0,High,0.0515,0.1238,30385000.0,Aggressive
24,Female,Married,1,34600.0,21300.0,281200.0,1119000.0,60,21800.0,Medium,0.0564,0.0964,31082000.0,Moderate
32,Female,Single,0,172900.0,118900.0,4341400.0,10908900.0,60,136100.0,High,0.0623,0.1188,119788000.0,Aggressive
45,Female,Married,0,25000.0,14800.0,522400.0,1019700.0,60,15800.0,Medium,0.0737,0.0949,10717000.0,Moderate
40,Male,Married,0,48500.0,23100.0,2076700.0,2620200.0,60,32800.0,Medium,0.0597,0.1023,19463000.0,Moderate
25,Male,Married,1,69100.0,40800.0,1112100.0,1818300.0,60,45100.0,Low,0.066,0.0754,114361000.0,Conservative
47,Male,Married,1,93700.0,49700.0,8411700.0,11768400.0,65,61100.0,Low,0.0607,0.0798,35071000.0,Moderate
59,Male,Married,2,188300.0,121300.0,13491900.0,13702500.0,58,147800.0,Medium,0.0512,0.0961,29627000.0,Moderate
53,Female,Married,3,25000.0,14200.0,2029900.0,2897700.0,65,19200.0,Medium,0.0626,0.0906,7235000.0,Aggressive
57,Male,Married,3,53900.0,37300.0,2341900.0,8218900.0,58,35200.0,High,0.0516,0.1178,5762000.0,Aggressive
58,Male,Married,3,25000.0,15900.0,2295700.0,2763000.0,60,22400.0,Medium,0.0721,0.0891,6398000.0,Moderate
54,Male,Married,0,74500.0,47600.0,4990400.0,13104000.0,60,54100.0,High,0.0688,0.1238,14208000.0,Aggressive
57,Female,Married,3,86100.0,41000.0,6699200.0,16083800.0,60,54200.0,High,0.0595,0.1171,10320000.0,Aggressive
24,Female,Married,0,189900.0,141400.0,1802300.0,3844100.0,60,120800.0,Low,0.066,0.0547,337477000.0,Conservative
30,Male,Married,2,78600.0,54600.0,2396200.0,6679500.0,58,60900.0,Medium,0.0528,0.1073,44674000.0,Aggressive
29,Male,Married,0,136800.0,92500.0,4395600.0,2050200.0,58,122300.0,Medium,0.0676,0.0921,200524000.0,Moderate
54,Female,Married,2,103800.0,53500.0,6708900.0,2552600.0,60,80100.0,Medium,0.0706,0.0921,27286000.0,Moderate
27,Female,Single,0,56300.0,33100.0,2095200.0,1682000.0,60,49800.0,Low,0.0705,0.0784,129473000.0,Conservative
25,Female,Married,3,31400.0,14100.0,890400.0,984800.0,58,23000.0,High,0.0571,0.114,22454000.0,Aggressive
34,Female,Married,3,86200.0,50700.0,5236300.0,6447900.0,65,63000.0,High,0.0566,0.1257,45384000.0,Aggressive
23,Female,Single,0,29900.0,13500.0,379100.0,403100.0,58,22400.0,High,0.063,0.1171,34214000.0,Aggressive
26,Female,Married,1,159100.0,94400.0,5584600.0,2100800.0,60,128700.0,Medium,0.0742,0.0884,364601000.0,Moderate
48,Female,Married,3,66400.0,41600.0,5186800.0,3166000.0,58,47200.0,Medium,0.073,0.1035,21510000.0,Moderate
53,Female,Married,3,149800.0,80400.0,5282300.0,25570200.0,60,128700.0,Medium,0.059,0.0996,36087000.0,Aggressive
42,Male,Single,0,54800.0,31500.0,2166200.0,7305900.0,58,33400.0,Medium,0.0695,0.0996,21436000.0,Aggressive
29,Male,Married,1,85900.0,60700.0,1321400.0,4921500.0,60,62900.0,Medium,0.073,0.0968,131460000.0,Aggressive
59,Male,Married,3,82900.0,36300.0,1042400.0,12743900.0,58,62400.0,Low,0.0565,0.073,16782000.0,Moderate
29,Male,Single,0,71200.0,48200.0,943500.0,3695600.0,55,55700.0,High,0.0708,0.1138,68772000.0,Aggressive
24,Male,Married,0,56400.0,25900.0,164700.0,638100.0,60,38500.0,High,0.0567,0.1206,43223000.0,Aggressive
24,Male,Married,2,92500.0,38200.0,1768300.0,1741500.0,60,67400.0,Medium,0.0586,0.0904,106533000.0,Moderate
43,Female,Single,0,42000.0,19500.0,1695400.0,4778200.0,58,31300.0,High,0.055,0.1131,11696000.0,Aggressive
27,Female,Married,3,35400.0,23600.0,554200.0,1377900.0,55,28500.0,Low,0.0627,0.0721,47878000.0,Conservative
23,Male,Married,3,154200.0,83500.0,2187700.0,525600.0,62,128300.0,Low,0.0711,0.0758,493429000.0,Conservative
44,Male,Single,0,113100.0,79800.0,8126900.0,17327400.0,58,92900.0,High,0.0632,0.1181,36354000.0,Aggressive
23,Female,Single,0,76100.0,44400.0,1339700.0,1642700.0,65,53500.0,High,0.0531,0.1189,62697000.0,Aggressive
59,Female,Single,0,198600.0,81000.0,14825300.0,15136100.0,60,178700.0,Medium,0.0563,0.0893,38602000.0,Moderate
38,Female,Single,0,62300.0,40500.0,2338600.0,5446000.0,58,53200.0,Low,0.0641,0.07,57090000.0,Moderate
56,Male,Married,0,161700.0,70900.0,6490900.0,31272500.0,60,109600.0,High,0.0646,0.1238,22616000.0,Aggressive
55,Female,Married,0,81300.0,55000.0,2595300.0,3387000.0,62,53500.0,Low,0.0644,0.074,21165000.0,Conservative
44,Male,Single,0,39500.0,18100.0,1001700.0,3550100.0,58,27400.0,Medium,0.0519,0.0977,10661000.0,Aggressive
51,Male,Single,0,221600.0,115400.0,10199600.0,21787000.0,60,163000.0,Low,0.0688,0.0669,84867000.0,Conservative
29,Female,Single,0,132500.0,88300.0,6264000.0,5120900.0,60,113300.0,High,0.0727,0.1167,183386000.0,Aggressive
43,Female,Married,0,68000.0,49900.0,627500.0,9034600.0,65,56700.0,Medium,0.0628,0.099,38351000.0,Aggressive
57,Male,Single,0,113100.0,59900.0,3449500.0,10859900.0,60,96700.0,High,0.068,0.1241,19220000.0,Aggressive
26,Female,Married,3,57400.0,39600.0,575600.0,580300.0,58,39100.0,Low,0.0729,0.0691,106374000.0,Conservative
34,Female,Married,2,120300.0,56200.0,5615000.0,2376700.0,58,93600.0,Medium,0.0661,0.0929,100679000.0,Moderate
50,Male,Single,1,25000.0,17100.0,1010600.0,727400.0,58,17100.0,High,0.0669,0.1258,4837000.0,Aggressive
52,Female,Married,3,39700.0,25000.0,2025800.0,3666800.0,58,25100.0,Low,0.068,0.0682,10722000.0,Conservative
37,Male,Married,2,131600.0,61500.0,2231400.0,12565600.0,58,106000.0,Medium,0.0565,0.0987,64172000.0,Aggressive
51,Male,Married,0,63000.0,31900.0,2877000.0,3554600.0,60,40500.0,Medium,0.0646,0.0943,14647000.0,Moderate
37,Female,Married,2,82800.0,36900.0,1170900.0,7240600.0,58,66300.0,High,0.0711,0.1148,55708000.0,Aggressive
33,Male,Single,1,32600.0,17400.0,1138400.0,2489500.0,58,25900.0,Low,0.0574,0.0781,27442000.0,Moderate
38,Male,Single,0,221600.0,104400.0,3161800.0,10075600.0,60,186800.0,Medium,0.0724,0.0956,198760000.0,Moderate
37,Female,Married,2,149400.0,93400.0,8475800.0,12298400.0,58,95900.0,Medium,0.0655,0.0914,86956000.0,Aggressive
33,Female,Single,0,64800.0,48500.0,2378200.0,4935100.0,55,54100.0,Medium,0.0606,0.088,49711000.0,Aggressive
29,Female,Single,0,57400.0,23200.0,2062900.0,2447300.0,55,51600.0,Low,0.0656,0.0635,93930000.0,Conservative
41,Male,Single,0,135600.0,79900.0,5140100.0,8257900.0,58,116000.0,Medium,0.06,0.0931,66440000.0,Moderate
24,Male,Single,0,240300.0,144400.0,2754000.0,6053900.0,62,198400.0,Medium,0.071,0.1046,518313000.0,Moderate
37,Female,Married,1,129600.0,93300.0,1792600.0,16130600.0,60,103500.0,Low,0.0621,0.0671,115115000.0,Moderate
51,Male,Single,0,269200.0,155400.0,15050200.0,25153800.0,55,195600.0,Medium,0.0725,0.1022,62871000.0,Moderate
44,Female,Married,2,42000.0,24800.0,2015700.0,3117700.0,58,34400.0,High,0.0627,0.1193,14723000.0,Aggressive
49,Female,Married,1,44700.0,25300.0,2204100.0,4267300.0,58,36500.0,Low,0.0665,0.0641,19721000.0,Moderate
26,Male,Married,0,35800.0,17700.0,991500.0,384700.0,60,28300.0,Medium,0.0749,0.0926,78630000.0,Moderate
41,Female,Single,0,95300.0,40000.0,6364000.0,8459000.0,60,79900.0,Medium,0.0537,0.0886,42038000.0,Aggressive
22,Male,Married,1,81300.0,44100.0,1139200.0,831800.0,60,59700.0,Low,0.0684,0.0657,215480000.0,Conservative
51,Male,Single,0,66800.0,27900.0,1547500.0,2856900.0,58,42500.0,Low,0.0535,0.0656,16529000.0,Conservative
42,Female,Married,2,118800.0,70400.0,6350500.0,9503900.0,58,91200.0,Medium,0.071,0.0855,75182000.0,Aggressive
41,Male,Married,1,153200.0,77800.0,2193800.0,2756000.0,60,104100.0,High,0.0649,0.1276,52253000.0,Aggressive
27,Female,Married,1,29300.0,17200.0,859200.0,911100.0,62,21000.0,Low,0.0735,0.0711,62801000.0,Conservative
43,Male,Married,1,51100.0,22800.0,1899000.0,1691100.0,65,30900.0,High,0.0716,0.1166,23121000.0,Aggressive
39,Male,Married,3,119600.0,86900.0,2031700.0,2313800.0,55,85500.0,Medium,0.0519,0.0961,38136000.0,Moderate
29,Male,Married,2,55200.0,39400.0,2306500.0,3750300.0,60,46500.0,Medium,0.0534,0.0908,46518000.0,Aggressive
53,Female,Married,2,45300.0,21100.0,2982300.0,8233900.0,60,34600.0,Medium,0.065,0.0816,13474000.0,Aggressive
54,Male,Married,2,134700.0,70100.0,5848600.0,8156200.0,65,81200.0,High,0.063,0.1348,20930000.0,Aggressive
37,Female,Single,0,33700.0,20700.0,325200.0,2543500.0,58,25000.0,Low,0.0542,0.0709,19678000.0,Moderate
33,Male,Married,0,61000.0,26400.0,2143900.0,2343800.0,60,41900.0,Medium,0.0532,0.0921,33628000.0,Moderate
59,Male,Married,2,89100.0,46700.0,9089800.0,10777600.0,55,66200.0,Medium,0.0641,0.0853,18420000.0,Aggressive
55,Female,Married,2,51800.0,25300.0,3434600.0,5321200.0,60,37400.0,Low,0.0512,0.0625,11645000.0,Conservative
35,Female,Married,0,117000.0,84300.0,7401900.0,4862700.0,58,102900.0,Low,0.0718,0.0783,154598000.0,Conservative
57,Female,Married,3,52000.0,36300.0,1286900.0,8081000.0,60,31800.0,Low,0.0702,0.0775,10766000.0,Moderate
54,Female,Single,0,170300.0,102700.0,10686500.0,7878500.0,62,137100.0,Medium,0.0696,0.0988,46843000.0,Moderate
44,Female,Married,0,67800.0,39500.0,4697000.0,1805400.0,58,58000.0,Low,0.0504,0.0644,29854000.0,Conservative
23,Male,Single,1,109400.0,79400.0,1138700.0,2175800.0,60,97100.0,High,0.0512,0.1275,78967000.0,Aggressive
42,Male,Married,0,114400.0,83100.0,1768700.0,12184300.0,58,74700.0,High,0.0637,0.1222,33539000.0,Aggressive
23,Female,Single,0,50200.0,37100.0,568600.0,701200.0,60,38100.0,Low,0.0749,0.0733,162617000.0,Conservative
48,Male,Single,0,25000.0,11100.0,1502700.0,2346900.0,58,15300.0,Medium,0.0586,0.0972,5486000.0,Aggressive
30,Male,Married,0,90800.0,41400.0,3508000.0,4408600.0,58,68100.0,Low,0.0586,0.0625,100360000.0,Moderate
22,Male,Married,1,76400.0,48700.0,1083300.0,963800.0,62,48700.0,Low,0.0534,0.064,95427000.0,Conservative
32,Female,Single,0,102100.0,60200.0,4627500.0,4732800.0,58,86900.0,Medium,0.0669,0.0924,117788000.0,Moderate
24,Male,Married,1,63800.0,25900.0,1138200.0,1353200.0,60,40500.0,Medium,0.0662,0.0982,86818000.0,Moderate
44,Male,Single,1,56500.0,23800.0,1445100.0,5280400.0,62,42600.0,High,0.0525,0.1131,15709000.0,Aggressive
47,Male,Single,0,244000.0,173400.0,10330700.0,30672300.0,65,184500.0,Medium,0.0617,0.0941,96334000.0,Aggressive
25,Female,Married,3,30200.0,21300.0,754200.0,1088600.0,60,26900.0,Medium,0.0667,0.0941,57042000.0,Aggressive
39,Male,Married,3,113600.0,59600.0,8081900.0,7031200.0,58,90500.0,Low,0.0623,0.074,77194000.0,Conservative
27,Male,Single,0,51800.0,36900.0,378000.0,1646000.0,62,35600.0,Low,0.0669,0.0734,90056000.0,Conservative
56,Female,Single,0,59800.0,36300.0,3685200.0,5567200.0,58,40200.0,High,0.0704,0.1149,8647000.0,Aggressive
43,Female,Single,0,60500.0,41300.0,1940800.0,5564900.0,65,38600.0,Low,0.0671,0.0772,33520000.0,Moderate
36,Male,Single,1,45200.0,24800.0,948200.0,2856800.0,60,37400.0,High,0.0654,0.1142,30266000.0,Aggressive
43,Male,Married,3,103000.0,45300.0,4763900.0,14445100.0,60,83100.0,Low,0.0713,0.0755,75255000.0,Moderate
58,Female,Married,2,168400.0,92900.0,11819100.0,26487900.0,55,131900.0,Medium,0.0725,0.0922,38868000.0,Aggressive
33,Female,Single,0,97000.0,54300.0,693700.0,9310600.0,60,59400.0,High,0.0597,0.1208,43597000.0,Aggressive
59,Female,Married,3,77800.0,46100.0,6854100.0,12631000.0,62,64500.0,Low,0.0543,0.0711,17029000.0,Moderate
39,Female,Married,2,40500.0,17700.0,2524500.0,5400500.0,62,32100.0,Medium,0.0704,0.096,33441000.0,Aggressive
56,Female,Single,1,99700.0,74500.0,10143400.0,14050100.0,55,88600.0,High,0.0553,0.1234,14930000.0,Aggressive
51,Female,Married,3,266700.0,129500.0,7023600.0,35000000.0,65,207000.0,Low,0.0732,0.072,123207000.0,Moderate
45,Female,Married,3,58200.0,27300.0,3213400.0,2474700.0,55,40200.0,Medium,0.0506,0.0989,11972000.0,Moderate
51,Male,Single,0,58400.0,34100.0,2775700.0,1829700.0,60,41700.0,Low,0.073,0.0723,21519000.0,Conservative
35,Female,Single,0,52200.0,30700.0,1384700.0,3828800.0,60,34100.0,Low,0.0647,0.0637,46241000.0,Moderate
27,Female,Married,0,54500.0,30200.0,1346600.0,3526700.0,58,44500.0,Low,0.0694,0.0713,105571000.0,Moderate
24,Male,Married,1,25000.0,16800.0,513300.0,461800.0,55,20300.0,High,0.06,0.1172,21311000.0,Aggressive
37,Female,Single,0,93200.0,54100.0,855100.0,3627300.0,60,61500.0,Low,0.0748,0.0645,89298000.0,Conservative
28,Female,Single,0,44000.0,27000.0,1887200.0,1866100.0,58,28500.0,Low,0.0557,0.0686,39703000.0,Conservative
35,Male,Married,3,27800.0,18200.0,1499300.0,2237700.0,58,17300.0,Medium,0.0566,0.0959,12708000.0,Aggressive
30,Female,Married,2,114900.0,47000.0,4555800.0,3974600.0,60,100400.0,Medium,0.0513,0.0962,81970000.0,Moderate
36,Male,Married,1,38200.0,22900.0,2024800.0,3484700.0,62,25600.0,Medium,0.0735,0.1003,33756000.0,Aggressive
42,Male,Married,3,59700.0,42400.0,2196000.0,8808800.0,60,42000.0,Low,0.0614,0.0765,30590000.0,Moderate
56,Male,Single,0,176300.0,71600.0,14418600.0,33250600.0,58,120600.0,Medium,0.0669,0.0967,30476000.0,Aggressive
23,Male,Married,2,31400.0,17000.0,257100.0,295600.0,55,22700.0,Medium,0.0672,0.0976,44792000.0,Moderate
48,Female,Married,0,29200.0,21100.0,2438700.0,2101100.0,60,23800.0,Medium,0.0719,0.0955,12801000.0,Moderate
23,Male,Married,1,86000.0,45000.0,415900.0,961000.0,60,74100.0,Low,0.0666,0.0738,235326000.0,Conservative
56,Male,Single,0,145800.0,81700.0,5676900.0,14128400.0,60,95500.0,Medium,0.0641,0.0974,25655000.0,Moderate
39,Female,Married,0,28400.0,21100.0,1267100.0,809400.0,62,22900.0,High,0.0678,0.1197,16702000.0,Aggressive
35,Male,Married,1,93400.0,43900.0,2393500.0,8601400.0,60,65900.0,Medium,0.0688,0.1058,67162000.0,Aggressive
41,Male,Married,0,103600.0,43800.0,3968400.0,6690800.0,58,92600.0,Low,0.0546,0.0673,64828000.0,Conservative
39,Male,Married,3,25000.0,17500.0,1018300.0,3059200.0,65,17200.0,Low,0.0527,0.0773,12138000.0,Moderate
31,Male,Single,0,118100.0,83100.0,5563100.0,10324700.0,60,71100.0,Medium,0.0519,0.0882,62725000.0,Aggressive
46,Female,Married,3,123700.0,69900.0,6284900.0,2945700.0,60,93400.0,High,0.0594,0.1241,31062000.0,Aggressive
23,Male,Married,1,60700.0,35200.0,473400.0,1502100.0,65,39200.0,Low,0.0625,0.0772,105087000.0,Conservative
46,Female,Married,3,155000.0,107300.0,4528500.0,19429000.0,65,95100.0,Medium,0.0654,0.0855,60874000.0,Aggressive
54,Female,Married,1,144600.0,95200.0,6984600.0,16714200.0,60,117100.0,Low,0.074,0.0707,51731000.0,Moderate
57,Male,Married,0,77800.0,38300.0,4718600.0,7598700.0,58,63800.0,Medium,0.0583,0.0986,13018000.0,Moderate
52,Male,Married,1,55800.0,22600.0,4259800.0,6187200.0,65,41200.0,Medium,0.069,0.0963,18421000.0,Aggressive
35,Male,Married,2,40800.0,23200.0,579100.0,1928100.0,60,32800.0,High,0.0633,0.1219,24308000.0,Aggressive
22,Male,Single,0,71500.0,50100.0,396500.0,1194000.0,60,54400.0,Low,0.0555,0.0707,106458000.0,Conservative
37,Female,Married,2,102900.0,73400.0,3217900.0,2636200.0,60,81200.0,High,0.0654,0.1145,60566000.0,Aggressive
24,Female,Single,0,60200.0,44200.0,661200.0,1520600.0,60,46900.0,Medium,0.0742,0.1068,126631000.0,Moderate
56,Female,Married,1,25000.0,17700.0,1205300.0,1878600.0,62,20000.0,High,0.0531,0.1175,4006000.0,Aggressive
27,Male,Married,0,156600.0,94400.0,5146200.0,1393500.0,60,103300.0,Medium,0.0627,0.0972,151499000.0,Moderate
46,Female,Married,3,82000.0,45600.0,2886900.0,8368100.0,62,55800.0,Low,0.0513,0.0668,28032000.0,Moderate
34,Male,Married,3,58200.0,39100.0,2022200.0,4064900.0,62,42600.0,High,0.058,0.1086,33791000.0,Aggressive
55,Male,Married,3,122300.0,80600.0,8418400.0,12342800.0,62,89700.0,Low,0.0655,0.0654,35946000.0,Conservative
29,Male,Single,0,182600.0,107400.0,2760900.0,2694000.0,60,152000.0,Medium,0.071,0.0878,305241000.0,Moderate
42,Male,Married,2,25000.0,10800.0,1509200.0,3417400.0,62,17800.0,High,0.0683,0.1255,10730000.0,Aggressive
55,Male,Single,0,94900.0,68700.0,5862500.0,12722700.0,58,61600.0,Low,0.0616,0.067,22035000.0,Moderate
25,Female,Single,0,31100.0,17400.0,492800.0,333400.0,58,21000.0,Medium,0.0727,0.0924,53667000.0,Moderate
46,Female,Married,1,98700.0,52000.0,7231900.0,9461700.0,62,65600.0,High,0.0576,0.1147,24050000.0,Aggressive
36,Male,Single,0,79000.0,49000.0,1742800.0,5364800.0,60,64700.0,High,0.0688,0.1205,58446000.0,Aggressive
25,Female,Single,1,107100.0,68100.0,2992300.0,896300.0,58,79400.0,Medium,0.0619,0.0914,139277000.0,Moderate
33,Male,Married,3,54200.0,25700.0,1973200.0,3735700.0,58,44000.0,Low,0.0725,0.075,74696000.0,Moderate
53,Male,Married,1,25000.0,17300.0,1635100.0,4078200.0,58,18100.0,Medium,0.0699,0.0965,6158000.0,Aggressive
53,Male,Married,3,55800.0,28000.0,4971200.0,8531000.0,60,48400.0,Medium,0.0725,0.0921,18840000.0,Aggressive
49,Female,Married,3,93300.0,43400.0,7311400.0,5032100.0,60,83500.0,Medium,0.0554,0.0993,29183000.0,Moderate
34,Male,Married,3,134500.0,72900.0,5416300.0,13124100.0,58,107700.0,High,0.0667,0.12,90040000.0,Aggressive
52,Male,Married,2,36200.0,23700.0,2786000.0,2935300.0,62,31100.0,Low,0.0685,0.0701,15733000.0,Conservative
35,Female,Single,0,135400.0,99900.0,4361100.0,15030900.0,58,101900.0,Low,0.0686,0.0627,130994000.0,Moderate
41,Female,Married,1,49600.0,33900.0,2325900.0,1328800.0,60,43700.0,Medium,0.0626,0.0946,28132000.0,Moderate
39,Female,Married,2,90900.0,66300.0,1121800.0,6814700.0,60,77200.0,High,0.0503,0.1216,30843000.0,Aggressive
50,Male,Married,3,53900.0,24200.0,980500.0,6422400.0,60,48400.0,Medium,0.0565,0.1017,15375000.0,Aggressive
27,Male,Married,0,81600.0,34700.0,2786400.0,1810700.0,58,64200.0,High,0.0581,0.1162,59403000.0,Aggressive
53,Female,Married,3,124900.0,74300.0,2054800.0,19577900.0,58,104100.0,High,0.0713,0.1314,23697000.0,Aggressive
50,Male,Single,0,35000.0,17600.0,872400.0,4339700.0,62,26700.0,High,0.071,0.1228,10169000.0,Aggressive
23,Female,Married,2,48600.0,33500.0,716000.0,165200.0,55,32900.0,High,0.0526,0.1124,27825000.0,Aggressive
44,Female,Married,1,81700.0,51900.0,773400.0,8552600.0,65,57700.0,High,0.0737,0.1158,42419000.0,Aggressive
40,Male,Married,3,309000.0,228600.0,8545600.0,24176600.0,60,268300.0,High,0.0546,0.1271,113837000.0,Aggressive
52,Male,Single,0,43600.0,21300.0,2709200.0,2453800.0,60,26900.0,Medium,0.0604,0.1012,8281000.0,Moderate
26,Female,Married,2,248700.0,141800.0,5733600.0,14230600.0,60,193400.0,Low,0.0554,0.0701,307481000.0,Moderate
40,Female,Married,1,243400.0,140100.0,14905900.0,31349300.0,58,173200.0,Low,0.0715,0.0707,170555000.0,Moderate
55,Female,Single,0,69000.0,33400.0,4001300.0,5305300.0,60,49400.0,Low,0.0687,0.0642,18901000.0,Conservative
31,Female,Single,0,61200.0,37100.0,1863600.0,3408700.0,65,53000.0,Low,0.0588,0.0766,79574000.0,Moderate
46,Male,Married,0,48300.0,26800.0,3219200.0,3239400.0,58,41400.0,Low,0.067,0.0651,26784000.0,Conservative
23,Female,Married,3,70200.0,39100.0,700500.0,1408300.0,60,54700.0,High,0.0546,0.1242,58879000.0,Aggressive
32,Female,Married,2,31400.0,16500.0,1165300.0,2933500.0,60,21400.0,Medium,0.0596,0.1018,19933000.0,Aggressive
52,Female,Single,0,69900.0,28400.0,6265200.0,5860700.0,60,51900.0,Medium,0.0594,0.0952,16366000.0,Moderate
36,Male,Married,2,179500.0,104600.0,5657300.0,18121400.0,58,129700.0,High,0.0559,0.1248,65679000.0,Aggressive
30,Male,Married,2,50700.0,26200.0,1170400.0,2465500.0,60,35800.0,Medium,0.0719,0.1042,60144000.0,Aggressive
44,Female,Single,0,63300.0,25300.0,610700.0,4742000.0,65,39900.0,Low,0.067,0.0713,35873000.0,Conservative
40,Male,Married,2,26400.0,13400.0,1323300.0,3536000.0,58,20100.0,High,0.057,0.1191,8535000.0,Aggressive
30,Male,Single,0,91500.0,45500.0,640900.0,4533600.0,60,63200.0,Medium,0.0561,0.0947,60963000.0,Aggressive
56,Male,Single,0,85700.0,46100.0,5030300.0,9444200.0,60,68400.0,Medium,0.0504,0.0913,15380000.0,Moderate
42,Female,Married,2,76000.0,33900.0,5053300.0,8160100.0,60,52900.0,Low,0.0587,0.0662,39802000.0,Moderate
30,Female,Married,1,64200.0,37100.0,1960900.0,1955500.0,60,46800.0,Medium,0.0632,0.0972,59656000.0,Moderate
49,Male,Single,0,61300.0,39400.0,2011200.0,4493100.0,60,37700.0,High,0.0569,0.1192,11083000.0,Aggressive
28,Female,Married,3,98800.0,61300.0,3528200.0,6804700.0,55,88700.0,Low,0.0675,0.0716,173082000.0,Moderate
37,Female,Single,0,71900.0,49000.0,1758700.0,6545000.0,65,54100.0,High,0.0603,0.1126,42541000.0,Aggressive
37,Male,Single,0,88300.0,49300.0,4694900.0,9498700.0,62,53600.0,Low,0.0579,0.0695,53368000.0,Moderate
54,Male,Single,0,83200.0,48400.0,5536800.0,5966700.0,58,63400.0,Medium,0.0735,0.1002,19041000.0,Moderate
25,Female,Married,2,143500.0,98100.0,1173100.0,4151000.0,60,123600.0,High,0.0566,0.1144,136939000.0,Aggressive
25,Male,Married,0,109800.0,60400.0,3134600.0,5173000.0,60,91300.0,High,0.06,0.1201,111355000.0,Aggressive
38,Female,Married,1,82100.0,53000.0,1711100.0,4338200.0,65,66500.0,Low,0.0596,0.0607,73896000.0,Conservative
58,Female,Married,1,181900.0,100400.0,19463400.0,10199000.0,65,116800.0,Low,0.056,0.0635,36946000.0,Conservative
50,Male,Married,2,94100.0,51400.0,1054100.0,9894200.0,62,75000.0,Medium,0.0554,0.099,23676000.0,Aggressive
57,Female,Single,1,160000.0,106600.0,5883600.0,15576400.0,58,132800.0,Low,0.0576,0.0685,39757000.0,Conservative
59,Female,Married,0,105300.0,48600.0,3329200.0,5983800.0,65,81300.0,Medium,0.0716,0.1041,22144000.0,Moderate
58,Male,Married,1,25000.0,13000.0,333600.0,4839900.0,62,21700.0,High,0.0692,0.1222,4584000.0,Aggressive
56,Male,Married,0,160000.0,76600.0,12798100.0,32914500.0,58,109300.0,Medium,0.067,0.0977,27817000.0,Aggressive
28,Male,Single,0,79300.0,41700.0,2543600.0,3603600.0,58,53300.0,Low,0.0614,0.0646,98921000.0,Moderate
48,Female,Married,2,70900.0,34100.0,5306300.0,10036700.0,60,61000.0,Medium,0.0627,0.0931,26493000.0,Aggressive
49,Male,Single,0,86600.0,52200.0,2748100.0,13701200.0,60,68200.0,High,0.0567,0.1163,19683000.0,Aggressive
43,Male,Married,2,59500.0,40400.0,2483800.0,6810500.0,58,35700.0,Medium,0.0519,0.0897,15673000.0,Aggressive
35,Male,Married,3,83800.0,56600.0,3790700.0,1550800.0,55,59200.0,Medium,0.0583,0.0983,37724000.0,Moderate
28,Male,Single,0,51300.0,27100.0,1135500.0,972200.0,58,44000.0,Medium,0.0624,0.0993,55979000.0,Moderate
58,Female,Married,2,157100.0,117200.0,12402000.0,6153000.0,60,95500.0,Low,0.0514,0.072,24816000.0,Conservative
43,Female,Single,0,68300.0,41500.0,3800800.0,1365400.0,58,41000.0,Low,0.0522,0.0659,25088000.0,Conservative
26,Male,Married,1,58100.0,31400.0,445600.0,1299000.0,60,39800.0,Medium,0.0566,0.0967,49098000.0,Moderate
23,Female,Married,2,42000.0,29100.0,608900.0,488500.0,58,36700.0,Low,0.0592,0.0604,83505000.0,Conservative
48,Male,Single,0,85900.0,56300.0,5926600.0,5037300.0,65,74800.0,Medium,0.0598,0.1016,33836000.0,Moderate
42,Male,Single,1,81800.0,54200.0,4570300.0,2182300.0,62,61800.0,Medium,0.0529,0.0885,32089000.0,Moderate
59,Female,Married,3,92300.0,43300.0,2516100.0,11807800.0,65,70700.0,Medium,0.0556,0.0894,17861000.0,Aggressive
36,Female,Single,0,39500.0,22300.0,929300.0,1734400.0,60,27600.0,Low,0.0565,0.0706,27616000.0,Conservative
42,Male,Single,0,28000.0,19600.0,1038200.0,3465800.0,58,18800.0,High,0.0517,0.121,6292000.0,Aggressive
31,Male,Single,0,106400.0,61300.0,2068100.0,1263400.0,60,89900.0,Medium,0.0582,0.0946,90618000.0,Moderate
44,Female,Married,2,178200.0,113900.0,4718200.0,24519900.0,58,112600.0,Low,0.0518,0.0644,65933000.0,Moderate
26,Male,Married,1,39500.0,23900.0,1176000.0,2178300.0,65,29500.0,Low,0.0676,0.0757,85906000.0,Moderate
22,Female,Single,0,189800.0,131900.0,2317800.0,3559700.0,58,150000.0,Medium,0.0597,0.0866,281384000.0,Moderate
34,Male,Single,1,86700.0,43300.0,3318000.0,7370100.0,60,54700.0,Medium,0.0582,0.0876,53137000.0,Aggressive
42,Male,Single,0,72800.0,43800.0,1828200.0,10340100.0,60,55000.0,Low,0.0532,0.0695,35911000.0,Moderate
47,Female,Single,0,57600.0,25500.0,4806500.0,3019800.0,65,44500.0,Low,0.0557,0.0637,25914000.0,Conservative
42,Female,Married,2,31900.0,20500.0,721700.0,4789200.0,60,26200.0,Low,0.0558,0.0761,16590000.0,Moderate
39,Female,Married,0,132300.0,86800.0,8029100.0,14495000.0,60,88700.0,High,0.0746,0.1141,79404000.0,Aggressive
58,Female,Single,0,45900.0,19000.0,4810300.0,7481600.0,60,31600.0,Medium,0.0709,0.1028,7597000.0,Aggressive
53,Female,Married,1,45800.0,29200.0,3476600.0,3934200.0,60,35300.0,Medium,0.0504,0.1002,8285000.0,Moderate
57,Female,Married,0,132600.0,72300.0,14030900.0,16798900.0,55,118700.0,High,0.0654,0.1262,20965000.0,Aggressive
38,Female,Married,1,25000.0,11100.0,1241700.0,2294100.0,62,16600.0,Medium,0.0564,0.1044,10041000.0,Aggressive
56,Male,Married,1,29300.0,16000.0,936100.0,4046700.0,60,26200.0,Medium,0.0526,0.0954,6076000.0,Aggressive
32,Male,Married,1,72300.0,33800.0,1202900.0,5327700.0,55,58900.0,Low,0.0676,0.0649,85371000.0,Moderate
42,Male,Single,0,87200.0,47600.0,2805100.0,2532200.0,65,73900.0,Medium,0.0533,0.0945,40326000.0,Moderate
47,Female,Single,0,97800.0,52300.0,1033800.0,7303000.0,60,61300.0,Low,0.0611,0.0672,38973000.0,Conservative
25,Female,Single,0,61000.0,40200.0,1363700.0,1479700.0,62,42100.0,Medium,0.0658,0.0915,97482000.0,Moderate
55,Female,Single,0,333800.0,224000.0,12077900.0,23757500.0,62,206100.0,Low,0.0639,0.0708,76790000.0,Conservative
39,Male,Married,2,63800.0,39100.0,3957100.0,2373900.0,62,45400.0,Low,0.0744,0.0684,59213000.0,Conservative
56,Female,Married,1,63700.0,26000.0,2877400.0,3200700.0,55,57000.0,Low,0.0696,0.0662,19861000.0,Conservative
50,Female,Married,3,45300.0,32900.0,2320200.0,3699700.0,58,28600.0,Medium,0.0694,0.0938,11319000.0,Moderate
50,Male,Married,0,78800.0,50400.0,7276600.0,8062100.0,62,60600.0,High,0.0589,0.1227,16850000.0,Aggressive
59,Female,Married,1,105800.0,43600.0,3780700.0,4049700.0,62,63700.0,Medium,0.0502,0.0998,12260000.0,Moderate
42,Male,Married,0,150600.0,103400.0,9119300.0,21648200.0,60,122600.0,High,0.0684,0.112,76490000.0,Aggressive
34,Male,Single,0,29900.0,14100.0,1458600.0,2634000.0,60,19700.0,Medium,0.075,0.0935,32165000.0,Aggressive
38,Female,Single,0,63100.0,38000.0,1397300.0,6354100.0,58,40300.0,Medium,0.0601,0.0943,27375000.0,Aggressive
30,Female,Married,0,95600.0,53900.0,2708300.0,2264700.0,65,67000.0,Low,0.0746,0.0641,188079000.0,Conservative
22,Female,Single,0,104000.0,56900.0,790700.0,1693500.0,58,86500.0,High,0.0535,0.1194,88384000.0,Aggressive
23,Male,Married,2,73400.0,52200.0,1053300.0,1075600.0,58,46400.0,Low,0.0574,0.0707,89150000.0,Conservative
50,Male,Single,1,101300.0,56000.0,6410800.0,18411600.0,60,67800.0,Medium,0.0543,0.0976,21831000.0,Aggressive
54,Male,Married,3,45000.0,19200.0,2447800.0,7001600.0,58,27100.0,Medium,0.0619,0.0954,7536000.0,Aggressive
31,Female,Married,0,186200.0,136200.0,8082800.0,10902000.0,65,165800.0,Medium,0.0699,0.0906,322294000.0,Aggressive
42,Female,Single,0,132700.0,95800.0,3419800.0,17390300.0,55,103200.0,Low,0.0585,0.0801,54590000.0,Moderate
49,Female,Married,2,32600.0,20800.0,2381300.0,1510200.0,55,26600.0,Medium,0.0727,0.0991,10677000.0,Moderate
32,Female,Single,0,38400.0,21600.0,1924200.0,509800.0,60,30500.0,High,0.0636,0.1228,26883000.0,Aggressive
55,Male,Married,3,39000.0,16900.0,3597600.0,5779500.0,60,25100.0,High,0.0616,0.125,5263000.0,Aggressive
29,Male,Married,1,109800.0,74300.0,4223600.0,1822000.0,58,85500.0,High,0.0697,0.1212,101800000.0,Aggressive
43,Male,Married,1,33800.0,14400.0,1320900.0,1163400.0,60,21600.0,Medium,0.0525,0.1014,9039000.0,Moderate
29,Male,Married,1,60000.0,25400.0,2811200.0,3737900.0,60,43200.0,Medium,0.0693,0.0953,77213000.0,Aggressive
36,Female,Single,0,96100.0,56500.0,2903000.0,4190900.0,62,74100.0,Low,0.0561,0.07,72784000.0,Conservative
38,Female,Married,2,70300.0,32100.0,3435700.0,6244700.0,55,54000.0,High,0.057,0.1232,24290000.0,Aggressive
44,Female,Married,0,85400.0,34400.0,1833400.0,12649700.0,65,54300.0,Medium,0.065,0.1029,33907000.0,Aggressive
45,Male,Married,3,38600.0,21200.0,3274200.0,2523400.0,60,23600.0,Medium,0.0725,0.1026,14778000.0,Moderate
40,Male,Single,0,104500.0,46800.0,5880600.0,4603600.0,58,87700.0,High,0.0645,0.123,45751000.0,Aggressive
26,Female,Married,1,50600.0,23100.0,1422300.0,621300.0,55,41400.0,Medium,0.0662,0.0976,61720000.0,Moderate
53,Female,Married,2,60200.0,25700.0,1023100.0,2773700.0,60,37600.0,Medium,0.0694,0.0985,13286000.0,Moderate
22,Male,Single,0,84300.0,39800.0,1198300.0,368300.0,58,53800.0,Low,0.0565,0.0749,99297000.0,Conservative
44,Female,Married,0,77800.0,50600.0,5253200.0,2449700.0,58,67500.0,Medium,0.0707,0.1015,40215000.0,Moderate
58,Male,Single,0,74200.0,50700.0,5675600.0,7966000.0,58,61600.0,High,0.0604,0.1188,11531000.0,Aggressive
29,Male,Married,1,46600.0,26000.0,822400.0,1506600.0,60,41900.0,Medium,0.0544,0.1016,38775000.0,Moderate
34,Male,Married,0,61100.0,35300.0,2081700.0,5032200.0,60,41300.0,Low,0.0588,0.0717,46454000.0,Moderate
29,Female,Married,0,73200.0,30100.0,729500.0,5210200.0,55,54600.0,Low,0.0562,0.0733,66062000.0,Moderate
44,Female,Married,3,32000.0,13600.0,1432700.0,4143300.0,60,21500.0,Medium,0.0557,0.1019,9614000.0,Aggressive
22,Male,Married,2,55400.0,27200.0,326900.0,812900.0,60,43600.0,Medium,0.0571,0.0987,65956000.0,Moderate
45,Female,Single,0,92300.0,54500.0,3357800.0,3182000.0,55,58600.0,Low,0.0545,0.0746,26776000.0,Conservative
56,Male,Single,0,34000.0,22400.0,912300.0,5250800.0,62,21700.0,Medium,0.0667,0.0931,6804000.0,Aggressive
45,Male,Married,3,146400.0,89600.0,3988600.0,10550400.0,60,91000.0,Medium,0.0645,0.1025,45440000.0,Moderate
38,Male,Single,0,156600.0,84100.0,2020200.0,4037100.0,65,126500.0,High,0.0662,0.1235,100568000.0,Aggressive
26,Male,Single,0,34600.0,15300.0,1156900.0,1711800.0,58,25900.0,Low,0.0586,0.0706,45196000.0,Moderate
41,Female,Married,1,165100.0,111200.0,7546700.0,10086300.0,65,129700.0,High,0.0692,0.1255,96522000.0,Aggressive
42,Male,Single,0,67100.0,35400.0,2505000.0,3158800.0,60,58000.0,Medium,0.0532,0.1079,24232000.0,Moderate
52,Male,Single,0,94000.0,61800.0,5437200.0,16040000.0,60,77300.0,Medium,0.0643,0.0892,28715000.0,Aggressive
57,Female,Married,3,54300.0,31500.0,3871800.0,10472900.0,60,40100.0,High,0.0569,0.116,7422000.0,Aggressive
32,Male,Single,0,127200.0,83800.0,6737600.0,5295500.0,55,113900.0,Low,0.0632,0.0834,122805000.0,Conservative
36,Male,Married,2,93300.0,66900.0,1696300.0,4911400.0,65,68800.0,Medium,0.0581,0.0971,58431000.0,Moderate
40,Female,Married,0,44900.0,32400.0,1281800.0,4006300.0,60,28500.0,Medium,0.0698,0.096,24474000.0,Aggressive
28,Female,Married,0,36300.0,21300.0,1566100.0,2035400.0,55,32600.0,Medium,0.0723,0.0944,54626000.0,Aggressive
49,Female,Single,0,30400.0,17600.0,1254100.0,964000.0,55,18400.0,Medium,0.0686,0.101,6329000.0,Moderate
26,Male,Married,1,81900.0,40400.0,386700.0,3020600.0,55,62700.0,Low,0.0544,0.0831,71255000.0,Conservative
26,Female,Married,0,103100.0,75000.0,899500.0,5675700.0,60,71400.0,Medium,0.0569,0.0917,98116000.0,Aggressive
51,Female,Married,3,108100.0,60600.0,1409600.0,7146100.0,60,81200.0,Medium,0.073,0.0945,35498000.0,Moderate
53,Male,Single,0,68100.0,30300.0,6763800.0,12290900.0,60,52300.0,High,0.0609,0.1182,12378000.0,Aggressive
29,Male,Married,1,36500.0,20100.0,624000.0,2804300.0,58,24500.0,Low,0.0735,0.0737,57621000.0,Moderate
31,Male,Married,0,48600.0,21600.0,2446000.0,1620400.0,60,37300.0,Low,0.0598,0.0761,48917000.0,Conservative
59,Male,Married,3,146000.0,84100.0,15927000.0,24966800.0,60,120700.0,Medium,0.0738,0.1031,28379000.0,Aggressive
53,Male,Married,3,54700.0,32600.0,3532100.0,3543400.0,55,37200.0,Low,0.0731,0.0738,14144000.0,Conservative
49,Female,Married,3,79700.0,41300.0,1048200.0,11071300.0,58,57000.0,Medium,0.0665,0.1076,18626000.0,Aggressive
38,Female,Married,1,38400.0,16300.0,507700.0,4163600.0,55,26100.0,Low,0.0502,0.0671,18922000.0,Moderate
52,Female,Single,0,89500.0,65400.0,4757700.0,5812500.0,65,75700.0,Medium,0.06,0.0908,29201000.0,Moderate
29,Male,Married,3,55600.0,37300.0,1250200.0,3350500.0,60,45500.0,High,0.0728,0.1273,67527000.0,Aggressive
46,Male,Single,0,137000.0,95000.0,7851800.0,19243900.0,65,118000.0,High,0.0721,0.1206,65849000.0,Aggressive
30,Male,Married,1,116300.0,61500.0,2967600.0,4409700.0,58,75700.0,Medium,0.0547,0.0881,69272000.0,Moderate
23,Female,Single,0,54300.0,36200.0,920100.0,363200.0,62,33800.0,High,0.06,0.1184,50433000.0,Aggressive
36,Female,Married,1,67800.0,38600.0,2677900.0,1659200.0,60,43100.0,Medium,0.0709,0.0963,50547000.0,Moderate
24,Male,Single,0,52500.0,24700.0,972600.0,1246000.0,60,34000.0,Medium,0.0644,0.0918,72154000.0,Moderate
57,Female,Married,1,31200.0,13800.0,3016800.0,6457800.0,58,23700.0,High,0.0712,0.1149,4963000.0,Aggressive
25,Male,Married,3,43700.0,22800.0,329300.0,1782900.0,60,38900.0,Medium,0.0707,0.094,93948000.0,Aggressive
35,Female,Single,0,82400.0,36900.0,1686300.0,4833600.0,65,58300.0,Medium,0.0727,0.0897,90421000.0,Moderate
46,Female,Single,0,88900.0,66600.0,1618900.0,8860500.0,58,78900.0,Medium,0.0529,0.0982,27693000.0,Aggressive
31,Female,Single,0,79900.0,33300.0,1014900.0,2732100.0,58,48900.0,High,0.0536,0.1103,33308000.0,Aggressive
42,Male,Married,0,61000.0,33800.0,2782900.0,2424700.0,60,53600.0,Low,0.0521,0.0705,31039000.0,Conservative
57,Female,Married,2,128000.0,71500.0,5406000.0,14701900.0,65,83800.0,Low,0.0734,0.0726,34481000.0,Moderate
33,Female,Married,3,76000.0,38400.0,2210800.0,4227900.0,60,66400.0,Low,0.0619,0.0695,87548000.0,Moderate
48,Male,Single,1,111500.0,66900.0,10074400.0,11405200.0,58,68800.0,Low,0.0516,0.0755,27851000.0,Moderate
23,Female,Married,3,25200.0,11400.0,113600.0,603800.0,60,22300.0,Medium,0.058,0.0881,36613000.0,Moderate
34,Male,Married,1,25000.0,16900.0,922600.0,1808200.0,58,16500.0,High,0.0588,0.1165,10939000.0,Aggressive
53,Male,Married,1,86700.0,44800.0,1729100.0,11110700.0,62,59900.0,Medium,0.0702,0.0933,24472000.0,Aggressive
52,Male,Married,0,31100.0,18900.0,1208700.0,1392200.0,60,23200.0,Low,0.0684,0.0736,10968000.0,Conservative
37,Male,Single,0,64400.0,41900.0,2604000.0,8149600.0,60,46000.0,High,0.0672,0.1211,36342000.0,Aggressive
53,Male,Single,0,61000.0,43400.0,5823400.0,9577100.0,58,48800.0,Medium,0.0505,0.1057,11301000.0,Aggressive
53,Female,Single,0,189600.0,131300.0,8719300.0,33184100.0,65,169200.0,Medium,0.0728,0.091,79996000.0,Aggressive
55,Male,Single,1,93000.0,57000.0,1623300.0,9181200.0,60,72700.0,Medium,0.0554,0.088,20008000.0,Moderate
32,Male,Single,0,80800.0,43300.0,2097900.0,4518400.0,65,66000.0,High,0.0657,0.1289,77020000.0,Aggressive
31,Male,Single,0,120800.0,69600.0,1569900.0,6539700.0,60,75700.0,Medium,0.0515,0.0878,65703000.0,Aggressive
36,Male,Married,1,91200.0,61000.0,1938200.0,3230100.0,62,71900.0,Low,0.052,0.0734,59585000.0,Conservative
38,Female,Married,1,55600.0,39300.0,2644200.0,5331800.0,62,40900.0,Medium,0.0502,0.0901,23751000.0,Aggressive
39,Male,Married,3,139100.0,60700.0,1765800.0,17409100.0,58,120400.0,Medium,0.0641,0.0847,93410000.0,Aggressive
30,Female,Married,2,37600.0,20100.0,1003500.0,864300.0,65,26900.0,Medium,0.0657,0.0931,44473000.0,Moderate
46,Male,Married,3,88800.0,59600.0,5112200.0,2928500.0,55,71400.0,Low,0.0513,0.0745,31330000.0,Conservative
35,Female,Single,0,28900.0,15900.0,911700.0,2591100.0,60,19300.0,Low,0.0573,0.0639,21706000.0,Moderate
46,Male,Married,0,82600.0,42600.0,933100.0,5010200.0,65,56000.0,Medium,0.0713,0.0979,38539000.0,Moderate
43,Male,Single,0,82100.0,44700.0,6685000.0,8531800.0,58,58500.0,Medium,0.0525,0.0988,24540000.0,Aggressive
51,Female,Married,1,200000.0,122200.0,8480400.0,27610800.0,60,138200.0,Medium,0.0554,0.0886,45118000.0,Aggressive
41,Male,Single,0,28600.0,21400.0,1802300.0,1687200.0,60,19300.0,High,0.0606,0.1189,9676000.0,Aggressive
42,Female,Married,2,51000.0,29200.0,1644500.0,6442000.0,60,31400.0,High,0.0711,0.1279,17765000.0,Aggressive
53,Male,Single,1,119800.0,56700.0,6403600.0,14198500.0,62,102000.0,Low,0.0564,0.0733,38867000.0,Moderate
42,Female,Single,0,89400.0,40900.0,3284600.0,11931700.0,60,55400.0,Medium,0.0749,0.0937,48610000.0,Aggressive
56,Male,Married,0,81500.0,33800.0,3555000.0,13382700.0,62,70600.0,Low,0.0589,0.0721,23066000.0,Moderate
53,Male,Single,0,41200.0,24500.0,539000.0,7149500.0,58,26300.0,Medium,0.0597,0.0916,7527000.0,Aggressive
51,Female,Married,2,51300.0,30300.0,2143900.0,1332200.0,58,31800.0,Medium,0.0531,0.1006,8257000.0,Moderate
33,Male,Married,1,154400.0,72900.0,8312100.0,5439300.0,60,118700.0,Low,0.067,0.0756,185195000.0,Conservative
39,Male,Married,1,70900.0,45600.0,3813800.0,1932700.0,60,53200.0,High,0.0561,0.1206,24220000.0,Aggressive
42,Male,Married,1,91600.0,60400.0,1772400.0,7034000.0,58,68500.0,High,0.0657,0.1212,31407000.0,Aggressive
34,Male,Married,0,68200.0,33500.0,2707100.0,6839100.0,60,52700.0,Low,0.0556,0.065,57829000.0,Moderate
42,Male,Single,0,36000.0,18700.0,2620300.0,2886100.0,58,24700.0,Low,0.0597,0.0632,18814000.0,Moderate
29,Male,Married,0,128100.0,95600.0,4473900.0,8931800.0,60,102300.0,Medium,0.0714,0.0931,203941000.0,Aggressive
28,Female,Married,3,98900.0,52500.0,1060800.0,2955300.0,55,74200.0,Medium,0.0685,0.0946,112140000.0,Moderate
44,Female,Married,3,291700.0,194400.0,21734200.0,19514600.0,60,204300.0,High,0.0539,0.1253,72573000.0,Aggressive
53,Female,Single,0,39800.0,22200.0,1512300.0,7092000.0,60,33700.0,Medium,0.0652,0.0996,10720000.0,Aggressive
32,Male,Married,3,119800.0,81200.0,3510000.0,5898700.0,65,98000.0,Medium,0.0657,0.0959,143485000.0,Moderate
43,Female,Married,0,33300.0,22300.0,1589800.0,4215700.0,60,23900.0,High,0.0523,0.126,7968000.0,Aggressive
43,Male,Married,0,80400.0,51000.0,5750600.0,4099500.0,60,68700.0,Medium,0.0616,0.0903,42317000.0,Moderate
46,Male,Married,1,131400.0,91900.0,10882600.0,21117400.0,65,115100.0,Medium,0.0565,0.1004,52560000.0,Aggressive
43,Male,Single,0,25000.0,18200.0,1933200.0,2429600.0,60,19000.0,Medium,0.0617,0.091,11505000.0,Aggressive
49,Male,Married,0,64700.0,39000.0,715200.0,9210900.0,58,43000.0,High,0.0694,0.1262,13542000.0,Aggressive
50,Female,Married,3,52200.0,25200.0,4626700.0,1915400.0,62,45700.0,Low,0.054,0.0699,19708000.0,Conservative
34,Male,Married,0,48000.0,25900.0,477200.0,2950100.0,60,31500.0,Low,0.0531,0.06,33448000.0,Moderate
39,Female,Married,0,92100.0,61300.0,2374300.0,11505300.0,60,56600.0,Low,0.0567,0.0737,46423000.0,Moderate
23,Male,Single,0,143300.0,90000.0,1467400.0,3194900.0,60,100100.0,High,0.0738,0.124,245570000.0,Aggressive
50,Female,Married,2,67500.0,31200.0,3457000.0,2008600.0,62,55200.0,Medium,0.0687,0.0927,25405000.0,Moderate
42,Female,Married,3,82700.0,34600.0,4318100.0,4831300.0,65,72500.0,Medium,0.0505,0.0931,36159000.0,Moderate
36,Female,Married,1,78300.0,50000.0,2833400.0,4864700.0,65,61900.0,High,0.06,0.1192,44771000.0,Aggressive
48,Female,Married,0,73200.0,35700.0,6326600.0,3510400.0,58,64800.0,High,0.0564,0.1104,19577000.0,Aggressive
52,Female,Single,1,38000.0,21800.0,1217300.0,5574100.0,60,23900.0,High,0.066,0.1082,7794000.0,Aggressive
36,Female,Married,3,142200.0,94000.0,3396900.0,4890300.0,58,87900.0,Low,0.0615,0.0765,83929000.0,Conservative
44,Male,Single,0,87300.0,52100.0,6851200.0,5927100.0,58,68200.0,High,0.0741,0.1159,36985000.0,Aggressive
45,Female,Married,0,92700.0,39800.0,1435000.0,10701300.0,62,82500.0,Medium,0.0555,0.1043,35679000.0,Aggressive
34,Male,Married,2,45100.0,21000.0,1836200.0,2725300.0,58,33900.0,Low,0.0647,0.0769,43735000.0,Moderate
43,Female,Married,3,55500.0,26500.0,3282900.0,6637800.0,60,34200.0,Medium,0.0675,0.1028,21771000.0,Aggressive
58,Male,Married,1,65800.0,32300.0,3983000.0,13641500.0,60,43800.0,Medium,0.0706,0.0917,11140000.0,Aggressive
54,Female,Married,2,29100.0,17400.0,2157700.0,1295300.0,60,19600.0,Low,0.0602,0.062,7949000.0,Conservative
24,Female,Married,3,26600.0,15300.0,179200.0,750300.0,58,18700.0,Medium,0.0672,0.0896,39967000.0,Moderate
40,Male,Married,0,51000.0,24000.0,3384600.0,2330600.0,58,31300.0,High,0.0576,0.1178,13602000.0,Aggressive
44,Female,Single,0,100100.0,42400.0,1990900.0,7750600.0,60,87200.0,Medium,0.0609,0.0831,53284000.0,Moderate
50,Female,Single,1,49400.0,22700.0,2199200.0,1358000.0,58,37300.0,Medium,0.0724,0.0926,16523000.0,Moderate
51,Female,Single,0,39700.0,29600.0,685000.0,1793300.0,65,31800.0,Medium,0.0737,0.094,17457000.0,Moderate
46,Male,Married,0,44900.0,25300.0,2358800.0,3033200.0,62,27800.0,High,0.068,0.1135,13442000.0,Aggressive
58,Female,Single,0,55600.0,39100.0,4242000.0,5023700.0,60,34300.0,Low,0.0594,0.0648,11289000.0,Conservative
29,Male,Married,1,59100.0,41200.0,2667500.0,4329200.0,62,45900.0,Medium,0.0705,0.0939,95448000.0,Aggressive
37,Female,Married,0,268200.0,155300.0,14365000.0,26309800.0,58,232300.0,Low,0.0506,0.0718,167009000.0,Moderate
29,Female,Married,1,137700.0,89100.0,3882800.0,10793700.0,60,104500.0,High,0.0526,0.1155,76049000.0,Aggressive
22,Male,Married,2,135200.0,63200.0,2287800.0,2187500.0,58,116700.0,Low,0.0665,0.0715,371290000.0,Conservative
26,Female,Married,2,147400.0,94500.0,2846300.0,2816700.0,60,124300.0,Medium,0.0573,0.0957,159506000.0,Moderate
24,Female,Single,0,40200.0,19900.0,624200.0,622000.0,60,25000.0,Medium,0.0738,0.0952,74608000.0,Moderate
22,Male,Married,3,35100.0,24300.0,405000.0,352300.0,58,23200.0,High,0.0609,0.1167,33936000.0,Aggressive
25,Female,Married,1,37600.0,16100.0,557400.0,740200.0,58,30000.0,Low,0.0607,0.0633,64598000.0,Conservative
56,Male,Single,0,162900.0,109200.0,14642800.0,24063300.0,60,119400.0,Medium,0.067,0.1035,30074000.0,Aggressive
53,Male,Married,0,52700.0,22900.0,1456200.0,6071400.0,60,36200.0,Low,0.0692,0.0732,17272000.0,Moderate
55,Male,Married,3,34500.0,24400.0,2155800.0,3227300.0,55,25000.0,High,0.0619,0.125,4651000.0,Aggressive
46,Female,Married,2,56500.0,28600.0,3752100.0,2388500.0,60,41400.0,Medium,0.0554,0.0946,17312000.0,Moderate
31,Male,Single,0,63400.0,39900.0,3131400.0,826200.0,60,55400.0,Medium,0.0693,0.0942,88457000.0,Moderate
42,Male,Married,2,85900.0,49000.0,6201300.0,4050500.0,60,54200.0,Medium,0.058,0.0975,29145000.0,Moderate
48,Female,Single,0,85000.0,44900.0,4394800.0,3220500.0,60,58100.0,Medium,0.0544,0.0858,21895000.0,Moderate
48,Male,Single,0,44500.0,27900.0,2788800.0,6373900.0,58,33900.0,Low,0.0658,0.0644,19451000.0,Moderate
23,Female,Married,1,110300.0,80700.0,916400.0,603900.0,60,89300.0,Medium,0.0523,0.091,114377000.0,Moderate
34,Female,Married,2,49800.0,20600.0,1637300.0,4187500.0,65,39300.0,High,0.0743,0.1177,57841000.0,Aggressive
30,Female,Married,3,66600.0,48100.0,3108200.0,2663400.0,60,58800.0,Medium,0.0658,0.0906,88915000.0,Moderate
57,Female,Single,0,110400.0,67700.0,11032300.0,4300500.0,60,92600.0,High,0.0746,0.1217,19235000.0,Aggressive
43,Male,Married,0,49800.0,34000.0,3725900.0,6460900.0,60,38200.0,Low,0.0585,0.0704,25253000.0,Moderate
47,Male,Married,3,52000.0,27800.0,1095600.0,5650700.0,58,34500.0,High,0.0743,0.127,13842000.0,Aggressive
33,Male,Single,1,104300.0,58900.0,5396900.0,3599400.0,60,76700.0,Medium,0.0536,0.1074,55381000.0,Moderate
38,Male,Married,2,43700.0,30800.0,3002000.0,5231800.0,65,35300.0,Medium,0.051,0.0887,22250000.0,Aggressive
35,Male,Single,0,58100.0,31700.0,1629800.0,1081800.0,55,49500.0,Medium,0.0508,0.0957,26933000.0,Moderate
35,Female,Married,3,102100.0,59900.0,3791100.0,3539700.0,62,90700.0,Medium,0.0616,0.0957,90886000.0,Moderate
55,Male,Married,2,250800.0,102100.0,20841000.0,35000000.0,58,196000.0,Medium,0.0521,0.0949,43668000.0,Aggressive
41,Male,Single,1,105200.0,47900.0,5041000.0,11453200.0,60,79700.0,Medium,0.0628,0.0896,57072000.0,Aggressive
32,Male,Single,0,97100.0,60600.0,5495000.0,3619800.0,62,58800.0,Medium,0.0582,0.0904,62943000.0,Moderate
37,Female,Single,0,100600.0,65500.0,3620100.0,2229400.0,62,62500.0,Low,0.0584,0.0712,64100000.0,Conservative
52,Female,Single,0,38400.0,23200.0,2823200.0,6465600.0,62,24800.0,Medium,0.0659,0.0903,9604000.0,Aggressive
27,Male,Married,2,78400.0,35300.0,2573800.0,2038900.0,65,48300.0,Medium,0.0541,0.0958,56559000.0,Moderate
40,Female,Married,1,71800.0,39900.0,3017500.0,2971300.0,60,51700.0,Medium,0.0692,0.0938,44925000.0,Moderate
58,Male,Single,0,88700.0,46500.0,8361800.0,10931000.0,60,62200.0,Medium,0.0646,0.0957,14893000.0,Aggressive
25,Male,Single,0,78400.0,45000.0,1458200.0,3489700.0,58,62000.0,Medium,0.0729,0.0902,164475000.0,Aggressive
25,Female,Married,2,91800.0,64700.0,1365300.0,702400.0,58,69800.0,Medium,0.0591,0.0958,98461000.0,Moderate
41,Female,Married,1,60700.0,40800.0,985600.0,7049400.0,60,47300.0,Low,0.0746,0.0656,50728000.0,Moderate
31,Male,Single,0,75700.0,32500.0,1883700.0,4411700.0,60,56100.0,High,0.0644,0.1208,53953000.0,Aggressive
45,Male,Single,0,35000.0,24900.0,2306800.0,2838700.0,60,23900.0,Low,0.0743,0.0767,19417000.0,Conservative
56,Female,Married,2,60400.0,34100.0,5895900.0,9706200.0,62,53500.0,Medium,0.0507,0.0963,12262000.0,Aggressive
47,Male,Single,0,168500.0,111300.0,5077600.0,28186600.0,60,105500.0,Low,0.0682,0.0716,69385000.0,Moderate
58,Female,Single,0,88500.0,39700.0,4080100.0,6111100.0,55,78000.0,Medium,0.0704,0.0991,21260000.0,Moderate
59,Male,Married,3,72200.0,45800.0,1960200.0,3882000.0,60,50100.0,Medium,0.0513,0.088,10674000.0,Moderate
42,Female,Married,0,228100.0,110100.0,13313800.0,31771900.0,60,171900.0,Medium,0.0645,0.1036,104367000.0,Aggressive
42,Male,Married,2,32300.0,17900.0,2508100.0,3453100.0,60,20400.0,Medium,0.07,0.0897,16587000.0,Aggressive
31,Male,Married,1,37600.0,15300.0,1382400.0,1775500.0,62,23400.0,Low,0.064,0.0744,38931000.0,Conservative
59,Female,Married,1,204400.0,92600.0,14762200.0,27851700.0,60,149000.0,Low,0.0516,0.0737,35330000.0,Moderate
25,Male,Single,0,75200.0,32500.0,1414000.0,2820800.0,62,61900.0,Medium,0.0673,0.0905,143354000.0,Aggressive
41,Male,Married,1,63200.0,30600.0,940900.0,7398500.0,60,43000.0,High,0.0515,0.125,15302000.0,Aggressive
38,Female,Single,0,35600.0,15500.0,1946900.0,4366300.0,60,27400.0,Medium,0.0704,0.0975,26962000.0,Aggressive
28,Male,Single,0,95700.0,61500.0,2726900.0,3474500.0,60,65400.0,Low,0.0511,0.0794,67184000.0,Conservative
25,Male,Married,0,101400.0,41600.0,2210100.0,1853400.0,55,72700.0,Medium,0.0534,0.096,71949000.0,Moderate
50,Male,Married,1,37900.0,23400.0,3285200.0,4777900.0,55,33000.0,Medium,0.0569,0.0945,9482000.0,Aggressive
35,Female,Married,1,67200.0,30200.0,3523800.0,3803400.0,55,57600.0,Medium,0.0658,0.0924,51198000.0,Moderate
24,Female,Married,2,59800.0,43700.0,1225800.0,1457600.0,60,45100.0,High,0.0744,0.1113,123182000.0,Aggressive
45,Female,Single,1,85300.0,62000.0,6886900.0,6851000.0,58,57300.0,Medium,0.0529,0.0934,20700000.0,Moderate
58,Male,Single,0,37400.0,17900.0,4003100.0,2044200.0,65,24600.0,Low,0.0536,0.0686,7270000.0,Conservative
37,Male,Married,1,155000.0,95300.0,6783800.0,10488900.0,60,137400.0,Low,0.0592,0.0713,124568000.0,Moderate
25,Male,Married,0,126700.0,51900.0,821200.0,4457800.0,60,83700.0,Medium,0.0709,0.0879,228146000.0,Moderate
45,Male,Married,1,58800.0,42700.0,2635500.0,7942300.0,58,49500.0,Medium,0.0617,0.0938,24171000.0,Aggressive
55,Female,Married,2,64200.0,37400.0,5385100.0,7247600.0,58,45600.0,Low,0.058,0.0729,13897000.0,Moderate
51,Male,Married,0,67400.0,28000.0,886900.0,3372500.0,58,60400.0,High,0.064,0.1234,14865000.0,Aggressive
39,Male,Married,3,45800.0,23800.0,549600.0,3039100.0,60,32500.0,Medium,0.0565,0.0857,20997000.0,Moderate
40,Male,Single,0,56000.0,23900.0,730500.0,6438900.0,60,39500.0,Medium,0.06,0.0985,24760000.0,Aggressive
52,Female,Married,2,62200.0,33400.0,4666200.0,5784100.0,60,49200.0,Low,0.0583,0.0688,20284000.0,Conservative
40,Male,Married,0,192500.0,122100.0,8182300.0,19980500.0,60,171000.0,High,0.0701,0.1191,116073000.0,Aggressive
40,Male,Single,0,129100.0,72900.0,4328300.0,10354100.0,60,115300.0,High,0.0731,0.1082,94850000.0,Aggressive
43,Male,Married,2,128100.0,68400.0,2166100.0,6611800.0,55,104000.0,Low,0.069,0.0775,71776000.0,Conservative
45,Male,Single,0,91300.0,40300.0,6005600.0,12291000.0,60,75400.0,High,0.061,0.1209,30062000.0,Aggressive
33,Male,Married,2,37400.0,18200.0,885200.0,765100.0,60,28800.0,Medium,0.0626,0.0873,33742000.0,Moderate
51,Female,Single,0,71300.0,31000.0,2397900.0,7822000.0,60,58900.0,Medium,0.0531,0.0969,16695000.0,Aggressive
59,Male,Married,0,130900.0,89400.0,9902800.0,8678100.0,58,112300.0,High,0.0687,0.1217,20723000.0,Aggressive
52,Male,Single,0,34400.0,15400.0,2062100.0,1184900.0,60,25700.0,Medium,0.0649,0.1011,8277000.0,Moderate
57,Male,Married,2,107100.0,65200.0,4941300.0,12716200.0,58,84200.0,High,0.0726,0.1185,17880000.0,Aggressive
40,Male,Single,0,294700.0,153200.0,15333500.0,23354600.0,65,224300.0,High,0.055,0.1201,118687000.0,Aggressive
57,Male,Single,0,138300.0,66300.0,5187000.0,21659600.0,60,106300.0,High,0.069,0.1168,23088000.0,Aggressive
51,Male,Married,0,170800.0,106500.0,13536800.0,24967900.0,65,148100.0,Low,0.0671,0.073,87622000.0,Moderate
54,Male,Married,3,83400.0,46700.0,2674600.0,12684400.0,60,58900.0,Medium,0.0566,0.0911,17371000.0,Aggressive
39,Male,Single,1,130700.0,70600.0,2447300.0,8592100.0,58,86600.0,Medium,0.0667,0.0905,70746000.0,Moderate
49,Male,Single,0,47500.0,28900.0,3583500.0,5798600.0,60,35000.0,Medium,0.0731,0.0947,17583000.0,Aggressive
32,Male,Married,1,117900.0,67400.0,4968500.0,7365700.0,55,78100.0,Medium,0.073,0.0889,112739000.0,Aggressive
54,Female,Married,1,108300.0,54800.0,3015500.0,10634500.0,65,81200.0,Low,0.068,0.078,35437000.0,Conservative
38,Female,Married,3,87000.0,51800.0,1343300.0,7410700.0,62,75800.0,High,0.0512,0.1296,34390000.0,Aggressive
27,Female,Single,0,161100.0,102200.0,5552700.0,10087300.0,60,126500.0,High,0.0718,0.1177,220070000.0,Aggressive
25,Female,Married,0,52900.0,21700.0,1321800.0,740800.0,60,45300.0,Medium,0.0664,0.0881,103143000.0,Moderate
41,Male,Single,1,65400.0,36800.0,2062800.0,8773600.0,60,42500.0,Low,0.0578,0.0717,32054000.0,Moderate
48,Female,Single,0,77400.0,32500.0,4945600.0,2282900.0,65,67400.0,Low,0.0547,0.0676,34957000.0,Conservative
36,Female,Married,2,39400.0,18300.0,587700.0,1878100.0,58,30800.0,Low,0.0529,0.0759,24521000.0,Conservative
27,Male,Married,3,83800.0,50000.0,1895000.0,2055600.0,60,51100.0,Medium,0.0513,0.0911,48614000.0,Moderate
35,Female,Married,2,26100.0,18400.0,216400.0,2040800.0,60,20600.0,High,0.0689,0.1227,18291000.0,Aggressive
32,Female,Single,0,137100.0,97200.0,3583500.0,3213100.0,65,121400.0,Low,0.0559,0.0706,149951000.0,Conservative
30,Male,Married,0,75200.0,31900.0,680100.0,5868800.0,62,46900.0,Medium,0.0506,0.0916,42155000.0,Aggressive
47,Male,Married,1,53500.0,29200.0,2568600.0,7834800.0,65,41400.0,Medium,0.0599,0.0962,20489000.0,Aggressive
37,Male,Married,3,44300.0,26800.0,1500700.0,3901600.0,60,38700.0,Low,0.0621,0.0744,37979000.0,Moderate
26,Female,Single,0,63500.0,28700.0,1157000.0,1908900.0,58,38300.0,Medium,0.0542,0.0954,42621000.0,Moderate
31,Female,Single,0,110500.0,73800.0,903400.0,9714900.0,60,87200.0,Medium,0.0511,0.0955,68745000.0,Aggressive
24,Male,Married,3,101600.0,67100.0,1118700.0,3276500.0,60,75400.0,High,0.0547,0.1156,77966000.0,Aggressive
34,Male,Married,3,47900.0,34300.0,2340200.0,2975100.0,60,33700.0,Medium,0.067,0.1007,36924000.0,Aggressive
51,Female,Single,0,44000.0,17700.0,1872500.0,6119000.0,55,34700.0,Medium,0.0521,0.1002,7912000.0,Aggressive
27,Male,Married,0,108500.0,51600.0,3261400.0,4409300.0,60,66800.0,Medium,0.0639,0.0929,110417000.0,Moderate
38,Female,Single,0,47400.0,32700.0,1500100.0,3986500.0,58,39100.0,Low,0.0537,0.0694,29617000.0,Moderate
40,Male,Married,0,75800.0,48100.0,2821000.0,4414600.0,62,45600.0,Low,0.0549,0.0771,31751000.0,Conservative
56,Male,Single,0,78800.0,56200.0,5064500.0,8607200.0,58,54500.0,Medium,0.0598,0.0893,13628000.0,Moderate
47,Female,Married,2,88200.0,37000.0,7590000.0,2871100.0,60,66300.0,Low,0.0525,0.073,28932000.0,Conservative
26,Male,Married,1,122400.0,74500.0,916000.0,3054300.0,58,87300.0,Low,0.0543,0.0672,131617000.0,Conservative
50,Male,Single,0,34300.0,20600.0,458600.0,4637000.0,58,23700.0,Medium,0.0587,0.1039,6706000.0,Aggressive
58,Male,Married,3,25000.0,10300.0,1759100.0,5145200.0,65,21200.0,Medium,0.0582,0.0953,5377000.0,Aggressive
41,Female,Married,0,52000.0,30100.0,3895300.0,7359400.0,58,45800.0,Low,0.0687,0.0763,39430000.0,Moderate
42,Male,Married,0,215500.0,132200.0,17188900.0,19799200.0,55,185800.0,Low,0.0519,0.0662,105544000.0,Moderate
31,Male,Married,2,246100.0,114900.0,7195900.0,15033500.0,55,186200.0,Medium,0.0715,0.0888,277192000.0,Aggressive
26,Male,Single,0,219400.0,108700.0,4163900.0,3571600.0,60,189800.0,Medium,0.0704,0.0938,444995000.0,Moderate
57,Male,Single,0,65100.0,40600.0,4744700.0,10055300.0,60,57000.0,Medium,0.0691,0.0963,15727000.0,Aggressive
27,Male,Single,0,25100.0,14200.0,611200.0,300300.0,58,18100.0,Medium,0.0577,0.0924,22629000.0,Moderate
47,Male,Single,0,25000.0,17500.0,1518200.0,1597600.0,60,17100.0,Low,0.0706,0.0738,11111000.0,Conservative
25,Female,Single,0,50600.0,26300.0,1400900.0,1731800.0,55,31900.0,Low,0.0546,0.069,46069000.0,Conservative
56,Female,Single,1,64900.0,32000.0,5275600.0,5291100.0,62,48300.0,Low,0.0531,0.0596,17927000.0,Conservative
22,Male,Married,1,159600.0,118900.0,1588000.0,653800.0,62,141100.0,Low,0.0511,0.0728,226934000.0,Conservative
45,Female,Married,2,123100.0,88500.0,5543400.0,17206700.0,65,94600.0,High,0.0735,0.1156,62550000.0,Aggressive
57,Female,Single,1,83800.0,34400.0,6065000.0,6952100.0,65,67100.0,Medium,0.0577,0.0932,18119000.0,Moderate
27,Male,Single,0,42900.0,28700.0,891300.0,494500.0,58,27200.0,Medium,0.0729,0.1028,53837000.0,Moderate
52,Female,Married,3,41100.0,18000.0,2099100.0,1469400.0,58,26400.0,Medium,0.0568,0.1039,6613000.0,Moderate
41,Female,Single,0,85200.0,34900.0,839600.0,4256800.0,60,63000.0,Low,0.0727,0.0671,68987000.0,Conservative
45,Female,Single,0,111100.0,55100.0,2549500.0,5042300.0,58,98400.0,Low,0.0726,0.0729,75296000.0,Conservative
46,Female,Single,0,92500.0,45700.0,4448300.0,12475200.0,58,65500.0,High,0.0731,0.1172,28364000.0,Aggressive
57,Female,Married,3,39300.0,27000.0,3525300.0,3343200.0,58,33900.0,High,0.0624,0.1186,6124000.0,Aggressive
42,Female,Married,3,108100.0,70100.0,3122800.0,13504700.0,60,68800.0,Medium,0.0716,0.092,55734000.0,Aggressive
51,Female,Married,2,94400.0,70200.0,5267800.0,4858300.0,60,74100.0,Medium,0.0738,0.0864,34624000.0,Moderate
45,Female,Married,2,38500.0,25000.0,1388400.0,3497300.0,58,30000.0,High,0.0581,0.1205,9593000.0,Aggressive
51,Male,Married,3,45700.0,25000.0,904900.0,6250500.0,55,39200.0,Low,0.0605,0.0714,14697000.0,Moderate
43,Male,Married,3,110500.0,71200.0,8776900.0,11908000.0,60,66400.0,Low,0.068,0.0666,57047000.0,Moderate
49,Female,Married,1,63500.0,47600.0,5172000.0,7443400.0,55,41700.0,Low,0.0575,0.0754,16127000.0,Moderate
28,Female,Married,1,189800.0,123100.0,1513700.0,12983800.0,65,126400.0,Medium,0.0688,0.0928,276388000.0,Aggressive
56,Male,Single,0,98800.0,65900.0,7786900.0,6580000.0,58,87400.0,Low,0.0518,0.0668,25559000.0,Conservative
49,Female,Single,0,54600.0,39800.0,2145200.0,5468000.0,60,35300.0,Medium,0.0631,0.0976,14379000.0,Aggressive
35,Female,Married,0,72700.0,32000.0,4696600.0,7604600.0,60,44400.0,Medium,0.0531,0.0873,33215000.0,Aggressive
31,Male,Married,2,76000.0,49100.0,1559100.0,1338800.0,55,57800.0,Medium,0.0573,0.0995,47137000.0,Moderate
37,Male,Married,2,47200.0,32900.0,1063900.0,1013700.0,60,35800.0,Low,0.0565,0.068,32868000.0,Conservative
37,Male,Married,1,42300.0,31000.0,1816200.0,1746700.0,60,36100.0,Medium,0.071,0.0999,39558000.0,Moderate
52,Female,Married,1,111400.0,52800.0,9373300.0,14511900.0,62,98600.0,Medium,0.0548,0.1014,29078000.0,Aggressive
46,Female,Single,0,121400.0,70000.0,3021400.0,7124100.0,60,92500.0,Low,0.0702,0.0732,66304000.0,Conservative
34,Male,Married,3,105100.0,67100.0,4860600.0,3353900.0,55,92400.0,Low,0.0698,0.0659,127581000.0,Conservative
27,Male,Married,3,181500.0,88300.0,1210400.0,6241900.0,58,148400.0,Medium,0.0625,0.0887,219056000.0,Moderate
30,Female,Married,2,52800.0,32200.0,2494400.0,3033500.0,58,35900.0,Low,0.0558,0.0628,48188000.0,Moderate
57,Male,Married,2,199700.0,97900.0,3895400.0,14276200.0,58,175400.0,High,0.0557,0.1255,27986000.0,Aggressive
41,Female,Married,0,42600.0,22000.0,3087600.0,2396700.0,60,34100.0,Medium,0.0616,0.0943,22401000.0,Moderate
39,Female,Single,1,39800.0,22100.0,1616900.0,3594100.0,65,28800.0,Low,0.0502,0.067,20751000.0,Moderate
42,Male,Married,2,25400.0,14900.0,1041600.0,3648700.0,60,20400.0,Medium,0.0633,0.0943,14043000.0,Aggressive
25,Male,Single,0,56000.0,31200.0,1704500.0,1931800.0,60,40300.0,Medium,0.0738,0.1004,107507000.0,Moderate
54,Female,Married,1,54100.0,31000.0,5461600.0,8752900.0,60,34300.0,Low,0.0539,0.0739,10578000.0,Moderate
48,Male,Married,1,100300.0,50600.0,6343200.0,7842000.0,62,81800.0,Low,0.0643,0.0722,51340000.0,Conservative
28,Male,Married,1,84700.0,38600.0,836900.0,2231100.0,58,71800.0,Medium,0.074,0.0982,150140000.0,Moderate
27,Male,Married,1,35700.0,14900.0,806200.0,1218400.0,60,29200.0,Low,0.0715,0.0709,80826000.0,Conservative
36,Male,Married,0,57800.0,27100.0,2263600.0,5844800.0,62,38700.0,Low,0.0713,0.0715,59433000.0,Moderate
39,Female,Married,0,58500.0,35300.0,2467800.0,4175000.0,58,51900.0,Low,0.0705,0.0711,57985000.0,Moderate
53,Female,Single,0,25200.0,17000.0,1559100.0,4277900.0,58,15300.0,Low,0.0577,0.07,5879000.0,Moderate
32,Female,Married,1,40600.0,18600.0,295200.0,4000900.0,65,28400.0,Medium,0.0723,0.0988,53590000.0,Aggressive
41,Female,Married,3,46100.0,20200.0,2688600.0,1236700.0,60,31300.0,High,0.0735,0.1218,20506000.0,Aggressive
45,Male,Married,1,172800.0,114400.0,11103400.0,4534600.0,58,106200.0,Medium,0.0624,0.0906,47929000.0,Moderate
36,Male,Single,0,82000.0,41600.0,1180500.0,2513100.0,60,59200.0,Medium,0.0589,0.0976,45923000.0,Moderate
28,Female,Married,0,108800.0,79800.0,2964600.0,3652200.0,60,85600.0,High,0.0604,0.1212,85202000.0,Aggressive
42,Female,Married,1,29800.0,19400.0,1478500.0,1057900.0,60,25800.0,Low,0.0584,0.0731,17991000.0,Conservative
47,Male,Single,0,149700.0,77000.0,9670000.0,22879700.0,58,134300.0,Low,0.0553,0.0695,64030000.0,Moderate
35,Female,Single,0,159600.0,80000.0,1937200.0,2609800.0,58,134500.0,Medium,0.0655,0.0991,121579000.0,Moderate
58,Female,Single,0,25000.0,14600.0,1803600.0,2135200.0,60,18500.0,Medium,0.0641,0.0947,4335000.0,Moderate
42,Male,Married,3,47900.0,20500.0,1390700.0,2041600.0,60,39100.0,Medium,0.0616,0.0986,22231000.0,Moderate
39,Female,Married,3,98500.0,43500.0,4106800.0,12666600.0,62,84000.0,Low,0.0524,0.0677,64860000.0,Moderate
26,Male,Married,0,107600.0,49700.0,3093100.0,4382500.0,58,79600.0,Low,0.0699,0.0681,212884000.0,Moderate
24,Male,Single,0,48700.0,32700.0,915300.0,1702500.0,62,40700.0,Medium,0.0544,0.098,51584000.0,Aggressive
44,Female,Married,3,60900.0,35300.0,1114700.0,9490800.0,58,45400.0,High,0.0529,0.1183,14019000.0,Aggressive
47,Male,Single,0,51100.0,20600.0,2927800.0,4912800.0,60,36600.0,Medium,0.0656,0.106,16193000.0,Aggressive
58,Female,Married,1,78100.0,49700.0,8203200.0,5468400.0,65,59200.0,Low,0.06,0.0728,19459000.0,Conservative
45,Male,Married,1,150000.0,82200.0,3243200.0,7148000.0,60,120400.0,Medium,0.0515,0.0951,48656000.0,Moderate
40,Female,Single,0,46000.0,26600.0,3053600.0,2059600.0,58,37600.0,Low,0.0589,0.0741,27273000.0,Conservative
46,Female,Married,3,133300.0,63300.0,8646700.0,16680700.0,58,94200.0,Low,0.0693,0.0676,65534000.0,Moderate
42,Female,Single,0,45800.0,27200.0,2946200.0,1075000.0,60,35300.0,Medium,0.0654,0.0996,21324000.0,Moderate
33,Male,Married,0,44000.0,32700.0,950200.0,766000.0,60,38400.0,Medium,0.0591,0.0995,34362000.0,Moderate
54,Male,Married,1,119500.0,50900.0,4465800.0,15658500.0,65,106700.0,High,0.0548,0.1263,25186000.0,Aggressive
25,Female,Married,1,127200.0,63500.0,3634400.0,4211100.0,60,85000.0,Medium,0.0658,0.0928,163285000.0,Moderate
28,Male,Single,0,121900.0,59100.0,2316300.0,6299300.0,62,80200.0,Medium,0.0722,0.0889,210135000.0,Aggressive
43,Female,Single,0,33200.0,16200.0,457700.0,2306600.0,60,26700.0,Medium,0.0662,0.0919,18408000.0,Moderate
54,Female,Married,0,55300.0,29400.0,3631700.0,9171300.0,62,40100.0,Low,0.0703,0.0686,18313000.0,Moderate
38,Male,Single,0,119800.0,82200.0,1915400.0,9320100.0,55,72800.0,High,0.063,0.1283,32513000.0,Aggressive
45,Female,Married,2,75000.0,54000.0,5303800.0,2618400.0,65,52800.0,Medium,0.0679,0.106,33283000.0,Moderate
55,Male,Married,1,38400.0,18100.0,2706200.0,6426300.0,58,32300.0,Low,0.0724,0.0717,12331000.0,Moderate
49,Female,Single,0,96300.0,56800.0,8004000.0,16675000.0,65,80800.0,Medium,0.0693,0.095,43075000.0,Aggressive
43,Male,Single,1,47600.0,29700.0,3175400.0,1277900.0,55,35600.0,Medium,0.0727,0.0933,22373000.0,Moderate
38,Female,Married,2,214600.0,125000.0,3256600.0,13149900.0,60,159200.0,High,0.0608,0.1241,92128000.0,Aggressive
55,Female,Married,1,184800.0,102000.0,8595900.0,20669700.0,60,143000.0,High,0.0726,0.1309,31401000.0,Aggressive
27,Male,Married,0,105100.0,49100.0,3382500.0,1717700.0,65,70000.0,Low,0.0655,0.0789,166508000.0,Conservative
27,Female,Married,2,165500.0,94500.0,3211300.0,9602100.0,60,125400.0,Medium,0.0718,0.1007,252695000.0,Aggressive
55,Female,Married,3,76000.0,41100.0,7665500.0,5729600.0,58,45900.0,Medium,0.051,0.1006,9372000.0,Moderate
22,Male,Single,0,115800.0,78600.0,1594800.0,2342200.0,60,86000.0,Low,0.0664,0.0742,267033000.0,Conservative
31,Female,Married,1,177500.0,118400.0,1197100.0,11782400.0,58,124400.0,Medium,0.0712,0.0948,196075000.0,Aggressive
42,Male,Married,1,84700.0,37900.0,6090900.0,8257800.0,58,68000.0,Medium,0.0544,0.0913,32185000.0,Aggressive
26,Female,Single,0,62700.0,27000.0,453100.0,1041000.0,58,49600.0,Low,0.0665,0.0699,118302000.0,Conservative
23,Male,Single,0,26300.0,18900.0,111700.0,206600.0,58,18800.0,Medium,0.0706,0.0971,47010000.0,Moderate
43,Female,Single,0,69600.0,40900.0,4386100.0,1747800.0,60,41900.0,Medium,0.0572,0.0877,22459000.0,Moderate
23,Female,Single,0,119900.0,84000.0,1899200.0,994700.0,65,81000.0,Low,0.0601,0.0692,214452000.0,Conservative
31,Female,Married,1,129000.0,54200.0,4095100.0,5110100.0,65,101900.0,Medium,0.0642,0.0909,152807000.0,Moderate
55,Male,Married,1,99000.0,57800.0,3767600.0,17207500.0,55,61500.0,Medium,0.063,0.1001,14777000.0,Aggressive
37,Male,Single,0,52900.0,31100.0,1561400.0,2970900.0,55,33400.0,Low,0.051,0.0673,23396000.0,Conservative
43,Male,Single,0,25000.0,17500.0,857700.0,3044800.0,58,19900.0,High,0.0525,0.1216,6310000.0,Aggressive
33,Male,Married,1,54300.0,23600.0,1301500.0,2899600.0,58,44900.0,Low,0.0525,0.0665,42104000.0,Conservative
45,Female,Married,0,60900.0,29500.0,1719300.0,8099300.0,55,42400.0,Low,0.0566,0.078,19000000.0,Moderate
59,Female,Married,3,60600.0,32900.0,4328200.0,12947000.0,58,45300.0,Low,0.0561,0.0615,14134000.0,Aggressive
31,Male,Single,0,106000.0,74500.0,5217300.0,3278700.0,60,93700.0,Medium,0.0686,0.0974,137947000.0,Moderate
56,Male,Married,2,240700.0,175400.0,9702900.0,35000000.0,60,212700.0,Medium,0.0643,0.0886,62991000.0,Aggressive
53,Male,Married,0,78800.0,58900.0,2188000.0,10316700.0,60,54500.0,Medium,0.0691,0.0925,19768000.0,Aggressive
28,Female,Single,0,64200.0,47200.0,2424500.0,3946800.0,58,54100.0,Low,0.0517,0.071,61931000.0,Moderate
42,Male,Single,0,62600.0,25200.0,3882600.0,6548100.0,60,48700.0,High,0.0621,0.1213,22986000.0,Aggressive
41,Male,Single,0,78800.0,32800.0,5802600.0,5683700.0,62,70300.0,Low,0.0581,0.0711,55794000.0,Conservative
47,Female,Single,1,44500.0,20100.0,1034300.0,2461300.0,58,33100.0,Low,0.0712,0.0708,21751000.0,Conservative
25,Female,Married,1,78600.0,41000.0,586500.0,690000.0,55,65400.0,Low,0.0677,0.0668,149165000.0,Conservative
43,Male,Married,1,95800.0,66100.0,4681100.0,8798600.0,58,79600.0,Low,0.0717,0.0692,67462000.0,Moderate
36,Female,Married,3,82900.0,59100.0,3669800.0,10010600.0,58,62100.0,Medium,0.0512,0.0952,37041000.0,Aggressive
42,Male,Married,3,96200.0,44800.0,4165700.0,11166800.0,60,80700.0,Low,0.068,0.071,71294000.0,Moderate
36,Female,Married,2,94900.0,58500.0,4113100.0,4716400.0,58,64400.0,Low,0.0635,0.0697,74797000.0,Conservative
43,Male,Married,1,25300.0,18200.0,566500.0,3332400.0,60,16100.0,High,0.0706,0.1236,8684000.0,Aggressive
49,Male,Married,3,107200.0,60300.0,5388600.0,15425900.0,58,78000.0,Low,0.0627,0.0705,38826000.0,Moderate
35,Male,Single,0,48900.0,21300.0,2209100.0,2095400.0,60,43200.0,High,0.0635,0.121,34270000.0,Aggressive
48,Male,Married,3,37900.0,21200.0,1724500.0,887300.0,55,28400.0,Medium,0.0513,0.0931,8398000.0,Moderate
49,Female,Married,3,37700.0,20000.0,2521400.0,1525200.0,60,29800.0,Medium,0.0667,0.0897,14578000.0,Moderate
47,Female,Single,1,94900.0,57100.0,4374400.0,14599900.0,58,74700.0,Medium,0.0568,0.0958,27867000.0,Aggressive
23,Female,Married,1,64000.0,35400.0,469600.0,1369900.0,55,40900.0,Medium,0.0505,0.101,37806000.0,Moderate
46,Female,Married,1,26700.0,10800.0,897000.0,1706500.0,62,19100.0,Low,0.0517,0.0722,9269000.0,Conservative
24,Male,Married,3,97400.0,72800.0,1181100.0,1369200.0,60,79100.0,High,0.0739,0.1159,191871000.0,Aggressive
29,Male,Married,1,30800.0,18200.0,193100.0,2023700.0,55,27500.0,Medium,0.0587,0.0991,25995000.0,Aggressive
54,Female,Married,3,79500.0,45000.0,5709800.0,15028800.0,60,51700.0,High,0.0717,0.1183,14337000.0,Aggressive
56,Female,Married,1,84400.0,62000.0,7638700.0,14103000.0,60,61000.0,High,0.074,0.1236,14526000.0,Aggressive
27,Female,Married,0,124400.0,56500.0,2134700.0,5333300.0,60,78200.0,Low,0.0736,0.0682,231680000.0,Moderate
44,Female,Married,1,213000.0,99300.0,2734000.0,11348400.0,60,143300.0,Low,0.072,0.0718,117792000.0,Conservative
46,Female,Married,0,32200.0,22000.0,2806100.0,3157400.0,62,23000.0,Low,0.0724,0.0674,17855000.0,Moderate
40,Male,Married,2,70900.0,34800.0,1870700.0,3268000.0,58,54000.0,High,0.0572,0.1175,24626000.0,Aggressive
26,Male,Married,1,62000.0,42100.0,499200.0,2959300.0,58,41500.0,High,0.0538,0.1122,34688000.0,Aggressive
32,Male,Married,1,94900.0,47000.0,2375600.0,4349700.0,58,63400.0,Medium,0.066,0.0976,74403000.0,Moderate
33,Female,Married,1,83200.0,34200.0,3812700.0,7484800.0,60,69300.0,Low,0.0622,0.0719,94160000.0,Moderate
31,Female,Single,0,59200.0,34400.0,1190400.0,2521100.0,65,52600.0,Low,0.0525,0.0721,60996000.0,Conservative
29,Female,Single,0,56100.0,26300.0,1661700.0,3810200.0,62,39100.0,High,0.0669,0.1214,53845000.0,Aggressive
45,Female,Single,0,37400.0,24900.0,1551300.0,2535900.0,60,30200.0,High,0.0641,0.1162,12838000.0,Aggressive
49,Male,Married,3,132300.0,82600.0,2670200.0,12122600.0,65,89600.0,Low,0.0716,0.0748,60393000.0,Conservative
57,Male,Single,0,96300.0,69700.0,4150200.0,13446900.0,60,84600.0,Low,0.0652,0.075,26886000.0,Moderate
58,Female,Single,0,126800.0,85500.0,10345300.0,4949500.0,60,101700.0,Medium,0.0643,0.0911,25887000.0,Moderate
42,Male,Married,3,60700.0,28100.0,3201100.0,8739500.0,65,51000.0,Low,0.061,0.0727,39758000.0,Moderate
29,Male,Single,0,49300.0,33500.0,510800.0,2475000.0,55,30300.0,High,0.0616,0.1244,23988000.0,Aggressive
30,Female,Married,3,38300.0,23900.0,499700.0,1890100.0,60,29900.0,Medium,0.0739,0.0926,59568000.0,Aggressive
36,Female,Single,0,90700.0,57500.0,4157900.0,9485200.0,60,68800.0,Medium,0.0535,0.0935,46232000.0,Aggressive
39,Female,Married,3,39200.0,27100.0,2426800.0,4730400.0,65,27000.0,Medium,0.0612,0.0977,21890000.0,Aggressive
